Workbook
Name BdgtYear: [1]index!$L$8
Name Description: "P_A_C_Ex"
Name List_Smry_0: CapitalListA!#REF!
Name List_Smry_0: CapitalListC!#REF!
Name List_Smry_0: RevenueListA!#REF!
Name List_Smry_0: RevenueListC!#REF!
Name List_Smry_1: CapitalListA!#REF!
Name List_Smry_1: CapitalListC!#REF!
Name List_Smry_1: RevenueListA!#REF!
Name List_Smry_1: RevenueListC!#REF!
Name List_Smry_2: CapitalListA!#REF!
Name List_Smry_2: CapitalListC!#REF!
Name List_Smry_2: RevenueListA!#REF!
Name List_Smry_2: RevenueListC!#REF!
Name P_A_A03: RevenueIncomeA!$A$7:$N$494
Name P_A_A05: RevenueExpenditureA!$A$4:$H$1582
Name P_A_A10: [1]A10!$A$2:$N$36,[1]A10!$H$43:$N$75
Name P_A_A12: CapitalExpenditureA!$A$10:$O$426
Name P_A_A14: LandAcquisition!$A$5:$E$384
Name P_A_A15: SpecialFund!$A$10:$O$127
Name P_A_A16: 'DPDC-Machinery-Tree'!$A$7:$H$169
Name P_A_APP: #REF!
Name P_A_APP: #REF!
Name P_A_APP: #REF!
Name P_A_APP: #REF!
Name P_A_Bdgt: CapitalExpenditureC!$A$10:$O$74
Name P_A_Bdgt: 'DPDC-Machinery-Tree'!$A$7:$H$169
Name P_A_Bdgt: LandAcquisition!$A$5:$E$384
Name P_A_Bdgt: RevenueExpenditureC!$A$4:$H$342
Name P_A_Bdgt: RevenueIncomeA!$A$7:$N$494
Name P_A_Bdgt: SpecialFund!$A$10:$O$127
Name P_A_Bdgt: WO_Work16!$A$4:$R$153
Name P_A_C02: RevenueInconeC!$A$7:$N$60
Name P_A_C03: RevenueExpenditureC!$A$4:$H$342
Name P_A_C07: CapitalExpenditureC!$A$10:$O$74
Name P_A_Fnl_Rec: #REF!
Name P_A_Fnl_Rec: #REF!
Name P_A_Fnl_Rec: #REF!
Name P_A_Fnl_Rec: #REF!
Name P_A_jnnurm: JNNURM!$A$1:$H$62
Name P_A_ListA: CapitalListA!$A$1:$G$4689
Name P_A_ListA: CapitalListC!$A$1:$G$1
Name P_A_ListA: RevenueListA!$A$1:$G$852
Name P_A_ListA: RevenueListC!$A$1:$G$1
Name P_A_ListC: CapitalListA!#REF!
Name P_A_ListC: CapitalListC!$A$2:$G$1125
Name P_A_ListC: RevenueListA!#REF!
Name P_A_ListC: RevenueListC!$A$2:$G$289
Name P_A_MC_Mar: [1]doller!$B$8:$AI$60,[1]doller!$AK$62:$BB$117,[1]doller!$BM$157:$BP$211
Name P_A_Octroi: #REF!
Name P_A_Octroi: #REF!
Name P_A_Octroi: #REF!
Name P_A_Octroi: #REF!
Name P_A_SC_Mar: [1]doller!$B$8:$AI$60,[1]doller!$AK$62:$BB$117,[1]doller!$BQ$157:$BT$211
Name P_A_SMRY: #REF!
Name P_A_SMRY: #REF!
Name P_A_SMRY: #REF!
Name P_A_SMRY: #REF!
Name P_A_Smry: SpecialFund!$A$118:$O$127
Name P_A_SMRY: #REF!

Sheet RevenueIncomeA
A1: जमेचा | G1: तपशील
A2: विवरण | C2: नक्की आकडा | H2: 2015-16 वर्षाचा अंदाज | J2: 2016-17 वर्षाचा अंदाज | M2: 2015-16 वर्षाच्या मान्य अंदाजाशी तुलना केलेला 2016-17 वर्षाचा मा. स्थायी समितीने मान्यता दिलेला अंदाज
C3: 2012-13 | D3: 2013-14 | E3: 2014-15 | F3: 2014-15 शेवटची सहामाही | G3: 2015-16 पहिली सहामाही | H3: मान्य अंदाज | I3: दुरूस्त अंदाज | J3: मा. महापालिका आयुक्त यांनी सुचविलेला | K3: मा. स्थायी समितीने मान्यता दिलेला | L3: मा. महानगर- पालिकेने संमत केलेला
M5: अधिक | N5: कमी
A7: अधिनियमाप्रमाणे कमीत कमी रोख शिल्लक ठेवण्याची रक्कम जमेस धरून वर्षारंभीची शिल्लक | B7: 0 | C7: 100000 | D7: 100000 | E7: 100000 | H7: 100000 | I7: 100000 | J7: 100000 | K7: 100000 | L7: 0 | M7: 0 | N7: 0
A8: १. सर्वसाधारण कर, अप्रत्यक्ष कर व इतर जमा | C8: 0 | D8: 0 | E8: 0 | F8: 0 | G8: 0 | H8: 0 | I8: 0 | J8: 0 | K8: 0 | L8: 0 | M8: 0 | N8: 0
A9: क. सर्वसाधारण पट्टी | C9: 0 | D9: 0 | E9: 0 | F9: 0 | G9: 0 | H9: 0 | I9: 0 | J9: 0 | K9: 0 | L9: 0 | M9: 0 | N9: 0
A10: १. नागरिकांकडून (कआकसंप्र) | B10: RI11A101 | C10: 2087844636 | D10: 2360443372 | E10: 2428110703 | F10: 7.8282367e+08 | G10: 1.8942875e+09 | H10: 4023900000 | I10: 4023900000 | J10: 3762500000 | K10: 6262500000 | L10: 0 | M10: 2238600000 | N10: 0
A11: २. राज्य सरकारकडून (कआकसंप्र) | B11: RI11A102 | C11: 20349693 | D11: 41256357 | E11: 52267173 | F11: 28099903 | G11: 86413676 | H11: 40000000 | I11: 40000000 | J11: 50000000 | K11: 50000000 | L11: 0 | M11: 10000000 | N11: 0
A12: ३. मध्यवर्ती शासनाकडून करांऐवजी येणारे सहाय्य (कआकसंप्र) | B12: RI11A103 | C12: 17004572 | D12: 36225809 | E12: 32670437 | F12: 6538432 | G12: 39580798 | H12: 40000000 | I12: 40000000 | J12: 50000000 | K12: 50000000 | L12: 0 | M12: 10000000 | N12: 0
A13: ४. पुणे वाहन व्यवहार खात्याकडील मिळकतींवरील कर (कआकसंप्र) | B13: RI11A104 | C13: 3117563 | D13: 5931633 | E13: 8123432 | F13: 796153 | G13: 7030308 | H13: 10000000 | I13: 10000000 | J13: 10000000 | K13: 10000000 | L13: 0 | M13: 0 | N13: 0
C14: 0 | D14: 0 | E14: 0 | F14: 0 | G14: 0 | H14: 0 | I14: 0 | J14: 0 | K14: 0 | L14: 0 | M14: 0 | N14: 0
A15: क. सर्वसाधारण पट्टी बेरीज | C15: 2128316464 | D15: 2443857171 | E15: 2521171745 | F15: 8.1825815e+08 | G15: 2.0273122e+09 | H15: 4113900000 | I15: 4113900000 | J15: 3872500000 | K15: 6372500000 | L15: 0 | M15: 2258600000 | N15: 0
C16: 0 | D16: 0 | E16: 0 | F16: 0 | G16: 0 | H16: 0 | I16: 0 | J16: 0 | K16: 0 | L16: 0 | M16: 0 | N16: 0
A17: ख. आयातकर | C17: 0 | D17: 0 | E17: 0 | F17: 0 | G17: 0 | H17: 0 | I17: 0 | J17: 0 | K17: 0 | L17: 0 | M17: 0 | N17: 0
A18: १. पक्की जमा (आ.क.प्र.) | B18: RI11B101 | C18: 12374676100 | D18: 153877910 | E18: 87959085 | F18: 101193615 | G18: 0 | H18: 0 | I18: 0 | J18: 0 | K18: 0 | L18: 0 | M18: 0 | N18: 0
A19: २. निर्गत रिफंडमधील १० टक्के हिस्सा (आ.क.प्र.) | B19: RI11B102 | C19: 97737490 | D19: 58164061 | E19: 0 | F19: 0 | G19: 0 | H19: 0 | I19: 0 | J19: 0 | K19: 0 | L19: 0 | M19: 0 | N19: 0
A20: ३. प्रलंबित असलेल्या करवाढीपोटी येणारे उत्पन्न | B20: RI11B108 | C20: 48481 | D20: 80 | E20: 0 | F20: 0 | G20: 0 | H20: 0 | I20: 0 | J20: 0 | K20: 0 | L20: 0 | M20: 0 | N20: 0
C21: 0 | D21: 0 | E21: 0 | F21: 0 | G21: 0 | H21: 0 | I21: 0 | J21: 0 | K21: 0 | L21: 0 | M21: 0 | N21: 0
A22: बेरीज | C22: 12472462071 | D22: 212042051 | E22: 87959085 | F22: 101193615 | G22: 0 | H22: 0 | I22: 0 | J22: 0 | K22: 0 | L22: 0 | M22: 0 | N22: 0
C23: 0 | D23: 0 | E23: 0 | F23: 0 | G23: 0 | H23: 0 | I23: 0 | J23: 0 | K23: 0 | L23: 0 | M23: 0 | N23: 0
A24: वजा :- परत करावयाची रक्कम (रिफंड) पक्का (आ.क.प्र.) | B24: RI11B103 | C24: 995507283 | D24: 576144247 | E24: 0 | F24: 0 | G24: 0 | H24: 0 | I24: 0 | J24: 0 | K24: 0 | L24: 0 | M24: 0 | N24: 0
A25: बेरीज | C25: 995507283 | D25: 576144247 | E25: 0 | F25: 0 | G25: 0 | H25: 0 | I25: 0 | J25: 0 | K25: 0 | L25: 0 | M25: 0 | N25: 0
C26: 0 | D26: 0 | E26: 0 | F26: 0 | G26: 0 | H26: 0 | I26: 0 | J26: 0 | K26: 0 | L26: 0 | M26: 0 | N26: 0
A27: निव्वळ जमा | C27: 11476954788 | D27: -364102196 | E27: 87959085 | F27: 101193615 | G27: 0 | H27: 0 | I27: 0 | J27: 0 | K27: 0 | L27: 0 | M27: 0 | N27: 0
C28: 0 | D28: 0 | E28: 0 | F28: 0 | G28: 0 | H28: 0 | I28: 0 | J28: 0 | K28: 0 | L28: 0 | M28: 0 | N28: 0
A29: ट्रॅन्झिट फी (रहदारी फी) (आ.क.प्र.) | B29: RI11B105 | C29: 528053185 | D29: 393634637 | E29: 136555000 | F29: 0 | G29: 0 | H29: 0 | I29: 0 | J29: 0 | K29: 0 | L29: 0 | M29: 0 | N29: 0
C30: 0 | D30: 0 | E30: 0 | F30: 0 | G30: 0 | H30: 0 | I30: 0 | J30: 0 | K30: 0 | L30: 0 | M30: 0 | N30: 0
A31: बेरीज | C31: 12005007973 | D31: 29532441 | E31: 224514085 | F31: 101193615 | G31: 0 | H31: 0 | I31: 0 | J31: 0 | K31: 0 | L31: 0 | M31: 0 | N31: 0
C32: 0 | D32: 0 | E32: 0 | F32: 0 | G32: 0 | H32: 0 | I32: 0 | J32: 0 | K32: 0 | L32: 0 | M32: 0 | N32: 0
A33: वजा :- पुणे सेना विभाग (कॅन्टोन्मेंट) हिस्सा (मु.ले.) | B33: RI11B106 | C33: 248974314 | D33: 0 | E33: 0 | F33: 0 | G33: 0 | H33: 0 | I33: 0 | J33: 0 | K33: 0 | L33: 0 | M33: 0 | N33: 0
A34: वजा :- खडकी सेना विभाग (कॅन्टोन्मेंट) हिस्सा (मु.ले.) | B34: RI11B107 | C34: 268547450 | D34: 0 | E34: 0 | F34: 0 | G34: 0 | H34: 0 | I34: 0 | J34: 0 | K34: 0 | L34: 0 | M34: 0 | N34: 0
C35: 0 | D35: 0 | E35: 0 | F35: 0 | G35: 0 | H35: 0 | I35: 0 | J35: 0 | K35: 0 | L35: 0 | M35: 0 | N35: 0
A36: बेरीज | C36: 517521764 | D36: 0 | E36: 0 | F36: 0 | G36: 0 | H36: 0 | I36: 0 | J36: 0 | K36: 0 | L36: 0 | M36: 0 | N36: 0
C37: 0 | D37: 0 | E37: 0 | F37: 0 | G37: 0 | H37: 0 | I37: 0 | J37: 0 | K37: 0 | L37: 0 | M37: 0 | N37: 0
A38: ख. निव्वळ आयातकर एकूण बेरीज | C38: 11487486209 | D38: 29532441 | E38: 224514085 | F38: 101193615 | G38: 0 | H38: 0 | I38: 0 | J38: 0 | K38: 0 | L38: 0 | M38: 0 | N38: 0
C39: 0 | D39: 0 | E39: 0 | F39: 0 | G39: 0 | H39: 0 | I39: 0 | J39: 0 | K39: 0 | L39: 0 | M39: 0 | N39: 0
A40: ख-१. स्थानिक संस्था कर | C40: 0 | D40: 0 | E40: 0 | F40: 0 | G40: 0 | H40: 0 | I40: 0 | J40: 0 | K40: 0 | L40: 0 | M40: 0 | N40: 0
A41: स्थानिक संस्था कर नोंदणी शुल्क | B41: RI11B201 | C41: 59902 | D41: 1640462 | E41: 275729 | F41: 121204 | G41: 64193 | H41: 1000000 | I41: 1000000 | J41: 1000 | K41: 1000 | L41: 0 | M41: 0 | N41: 999000
A42: स्थानिक संस्था कर | B42: RI11B202 | C42: 0 | D42: 8816353567 | E42: 9885567929 | F42: 4.9451268e+09 | G42: 4.6629141e+09 | H42: 12400000000 | I42: 12400000000 | J42: 4500000000 | K42: 5500000000 | L42: 0 | M42: 0 | N42: 6900000000
A43: र.रु. १० लाखापर्यंतच्या खरेदी उलाढालीवर भरावयाची ठोक रक्कम | B43: RI11B202A | C43: 0 | D43: 4977696 | E43: 0 | F43: 0 | G43: 0 | H43: 100000 | I43: 100000 | J43: 0 | K43: 0 | L43: 0 | M43: 0 | N43: 100000
A44: चौरस मीटर बांधकामाप्रमाणे भरावयाची ठोक रक्कम | B44: RI11B202B | C44: 0 | D44: 338676268 | E44: 326733396 | F44: 211386798 | G44: 142840456 | H44: 270000000 | I44: 270000000 | J44: 100000000 | K44: 100000000 | L44: 0 | M44: 0 | N44: 170000000
A45: कंत्राटदाराने एकूण उलाढाल / करारानुसार ०.२५ % भरावयाची रक्कम | B45: RI11B202C | C45: 0 | D45: 247788 | E45: 3925 | F45: 3925 | G45: 1153 | H45: 7500000 | I45: 7500000 | J45: 0 | K45: 0 | L45: 0 | M45: 0 | N45: 7500000
A46: निर्गत मालापोटी १० % हिस्सा | B46: RI11B202D | C46: 0 | D46: 9483859 | E46: 16776728 | F46: 9279533 | G46: 10543102 | H46: 4000000 | I46: 4000000 | J46: 5000000 | K46: 5000000 | L46: 0 | M46: 1000000 | N46: 0
A47: इतर जमा - स्थानिक संस्था कर | B47: RI11B202E | C47: 0 | D47: 1552586 | E47: 886 | F47: 886 | G47: 1319 | H47: 100000 | I47: 100000 | J47: 1000 | K47: 1000 | L47: 0 | M47: 0 | N47: 99000
A48: स्थानिक संस्था करापोटी व्याज | B48: RI11B203 | C48: 0 | D48: 38865525 | E48: 68901237 | F48: 29473210 | G48: 20176647 | H48: 15000000 | I48: 15000000 | J48: 1000 | K48: 1000 | L48: 0 | M48: 0 | N48: 14999000
A49: स्थानिक संस्था कर शास्ती (दंड) | B49: RI11B204 | C49: 0 | D49: 47994116 | E49: 13940851 | F49: 8633365 | G49: 7996608 | H49: 100000 | I49: 100000 | J49: 1000 | K49: 1000 | L49: 0 | M49: 0 | N49: 99000
A50: स्थानिक संस्था कर जप्त केलेली रक्कम | B50: RI11B205 | C50: 0 | D50: 1408 | E50: 0 | F50: 0 | G50: 0 | H50: 0 | I50: 0 | J50: 0 | K50: 0 | L50: 0 | M50: 0 | N50: 0
A51: राज्य शासनाकडून मुद्रांक शुल्क अधिभारापोटी मिळालेली रक्कम (१%) | B51: RI11B206 | C51: 0 | D51: 1016564671 | E51: 2483821000 | F51: 2483819665 | G51: 785151000 | H51: 2350000000 | I51: 2350000000 | J51: 1800000000 | K51: 1800000000 | L51: 0 | M51: 0 | N51: 550000000
A52: मनपा ठेकेदारांच्या बिलांमधून एल.बी.टी. वसुली | B52: RI11B207 | C52: 0 | D52: 31849174 | E52: 30434564 | F52: 24653461 | G52: 7881687.6 | H52: 8000000 | I52: 8000000 | J52: 5000000 | K52: 5000000 | L52: 0 | M52: 0 | N52: 3000000
A53: राज्यशासनाकडून एल.बी.टी.साठी सहाय्‌यक अनुदान | B53: RI11B208 | C53: 0 | D53: 0 | E53: 0 | F53: 0 | G53: 1628200000 | H53: 0 | I53: 0 | J53: 9129996000 | K53: 9129996000 | L53: 0 | M53: 9129996000 | N53: 0
C54: 0 | D54: 0 | E54: 0 | F54: 0 | G54: 0 | H54: 0 | I54: 0 | J54: 0 | K54: 0 | L54: 0 | M54: 0 | N54: 0
A55: ख-१. स्थानिक संस्था कर बेरीज | C55: 59902 | D55: 10308207120 | E55: 12826456245 | F55: 7.7124989e+09 | G55: 7.2657703e+09 | H55: 15055800000 | I55: 15055800000 | J55: 15540000000 | K55: 16540000000 | L55: 0 | M55: 1484200000 | N55: 0
C56: 0 | D56: 0 | E56: 0 | F56: 0 | G56: 0 | H56: 0 | I56: 0 | J56: 0 | K56: 0 | L56: 0 | M56: 0 | N56: 0
A57: वजा :- स्थानिक संस्था कर रिफंड | B57: RI11B251 | C57: 0 | D57: 0 | E57: 17626981 | F57: 17626981 | G57: 0 | H57: 100000000 | I57: 100000000 | J57: 40000000 | K57: 40000000 | L57: 0 | M57: 0 | N57: 60000000
C58: 0 | D58: 0 | E58: 0 | F58: 0 | G58: 0 | H58: 0 | I58: 0 | J58: 0 | K58: 0 | L58: 0 | M58: 0 | N58: 0
A59: ख-१. स्थानिक संस्था कर एकूण बेरीज | C59: 59902 | D59: 10308207120 | E59: 12808829264 | F59: 7.6948719e+09 | G59: 7.2657703e+09 | H59: 14955800000 | I59: 14955800000 | J59: 15500000000 | K59: 16500000000 | L59: 0 | M59: 1544200000 | N59: 0
A60: ग. इतर कर | C60: 0 | D60: 0 | E60: 0 | F60: 0 | G60: 0 | H60: 0 | I60: 0 | J60: 0 | K60: 0 | L60: 0 | M60: 0 | N60: 0
A61: १. करमणूककर (कआकसंप्र) | B61: RI11C101 | C61: 10759470 | D61: 11614100 | E61: 13944890 | F61: 6688650 | G61: 6911590 | H61: 15000000 | I61: 15000000 | J61: 20000000 | K61: 20000000 | L61: 0 | M61: 5000000 | N61: 0
A62: २. व्यवसायकर (कआकसंप्र) शासनाकडून व्यवसाय करापोटी मिळणारी नुकसान भरपाई | B62: RI11C102 | C62: 2269952 | D62: 2269952 | E62: 2042874 | F62: 2042874 | G62: 1929231 | H62: 2300000 | I62: 2300000 | J62: 2300000 | K62: 2300000 | L62: 0 | M62: 0 | N62: 0
A63: ३. राज्य शासनाने बसविलेल्या करमणूककरापोटी मिळणारा हिस्सा (शासनाकडून) (कआकसंप्र) | B63: RI11C103 | C63: 8792000 | D63: 0 | E63: 0 | F63: 0 | G63: 36848702 | H63: 10000000 | I63: 10000000 | J63: 20000000 | K63: 20000000 | L63: 0 | M63: 10000000 | N63: 0
C64: 0 | D64: 0 | E64: 0 | F64: 0 | G64: 0 | H64: 0 | I64: 0 | J64: 0 | K64: 0 | L64: 0 | M64: 0 | N64: 0
A65: ग. बेरीज | C65: 21821422 | D65: 13884052 | E65: 15987764 | F65: 8731524 | G65: 45689523 | H65: 27300000 | I65: 27300000 | J65: 42300000 | K65: 42300000 | L65: 0 | M65: 15000000 | N65: 0
C66: 0 | D66: 0 | E66: 0 | F66: 0 | G66: 0 | H66: 0 | I66: 0 | J66: 0 | K66: 0 | L66: 0 | M66: 0 | N66: 0
A67: घ. महानगरपालिका अधिनियमाखाली दंडाबाबत शासकीय सहाय्य (वि. सल्लागार) | B67: RI11D101 | C67: 3302609 | D67: 0 | E67: 1399556 | F67: 1399556 | G67: 0 | H67: 0 | I67: 0 | J67: 0 | K67: 0 | L67: 0 | M67: 0 | N67: 0
C68: 0 | D68: 0 | E68: 0 | F68: 0 | G68: 0 | H68: 0 | I68: 0 | J68: 0 | K68: 0 | L68: 0 | M68: 0 | N68: 0
A69: ड-१ गुंतविलेल्या रकमांवरील व्याज (मु.ले.) | B69: RI11E101 | C69: 1131998287 | D69: 1343155309 | E69: 957978190 | F69: 8.8806255e+08 | G69: 4.4730743e+08 | H69: 750000000 | I69: 750000000 | J69: 800000000 | K69: 800000000 | L69: 0 | M69: 50000000 | N69: 0
A70: ड-३ विविध खात्यांच्या ऑडिट अहवालातून वसुली | B70: RI11E107 | C70: 653700 | D70: 15493564 | E70: 1257401 | F70: 804167.67 | G70: 159540 | H70: 10000000 | I70: 10000000 | J70: 10000000 | K70: 10000000 | L70: 0 | M70: 0 | N70: 0
A71: पुणे महानगरपालिकेस बक्षिसापोटी मिळालेल्या रकमा | B71: RI11E122 | C71: 5000 | D71: 600000 | E71: 0 | F71: 0 | G71: 250000 | H71: 1000000 | I71: 1000000 | J71: 0 | K71: 0 | L71: 0 | M71: 0 | N71: 1000000
A72: सेवकांसाठी सेवापुस्तक शुल्क | B72: RI11E123 | C72: 0 | D72: 0 | E72: 47380 | F72: 47380 | G72: 0 | H72: 0 | I72: 0 | J72: 0 | K72: 0 | L72: 0 | M72: 0 | N72: 0
C73: 0 | D73: 0 | E73: 0 | F73: 0 | G73: 0 | H73: 0 | I73: 0 | J73: 0 | K73: 0 | L73: 0 | M73: 0 | N73: 0
A74: ज. इतर जमा | C74: 0 | D74: 0 | E74: 0 | F74: 0 | G74: 0 | H74: 0 | I74: 0 | J74: 0 | K74: 0 | L74: 0 | M74: 0 | N74: 0
A75: १. जुनी रद्दी विक्री (मसआ.जिंघ.) | B75: RI11H101 | C75: 452037 | D75: 410396 | E75: 508451 | F75: 297792.5 | G75: 165459.61 | H75: 0 | I75: 0 | J75: 200000 | K75: 200000 | L75: 0 | M75: 200000 | N75: 0
A76: अ. मसुदा शुल्क (वि. सल्लागार) | B76: RI11H102A | C76: 3869718 | D76: 4232401 | E76: 3892377 | F76: 2034239 | G76: 1546544 | H76: 7500000 | I76: 7500000 | J76: 7500000 | K76: 7500000 | L76: 0 | M76: 0 | N76: 0
A77: ब. दाव्याचा खर्च व प्रोसेस शुल्क (वि. सल्लागार) | B77: RI11H102B | C77: 0 | D77: 10000 | E77: 2585571 | F77: 0 | G77: 0 | H77: 0 | I77: 0 | J77: 0 | K77: 0 | L77: 0 | M77: 0 | N77: 0
A78: क. नक्कल शुल्क (मसआ.जिंघ.) | B78: RI11H102C | C78: 275747 | D78: 298664 | E78: 181683 | F78: 91636.5 | G78: 131143.5 | H78: 300000 | I78: 300000 | J78: 300000 | K78: 300000 | L78: 0 | M78: 0 | N78: 0
A79: ड. अधिपत्र (वॉरंट) शुल्क (कआकसंप्र) | B79: RI11H102D | C79: 61060150 | D79: 15311716 | E79: 9973908 | F79: 3202900 | G79: 8138216 | H79: 20000000 | I79: 20000000 | J79: 20000000 | K79: 20000000 | L79: 0 | M79: 0 | N79: 0
A80: ई. सूचनापत्र (नोटीस) शुल्क (कआकसंप्र) | B80: RI11H102E | C80: 26531243 | D80: 9490191 | E80: 4430230 | F80: 1422237 | G80: 3433761 | H80: 0 | I80: 0 | J80: 0 | K80: 0 | L80: 0 | M80: 0 | N80: 0
A81: फ. मिळकतीच्या मालकी हक्काबद्दल शुल्क (कआकसंप्र) | B81: RI11H102F | C81: 31029468 | D81: 29847385 | E81: 31562036 | F81: 15699731 | G81: 35999960 | H81: 30000000 | I81: 30000000 | J81: 60000000 | K81: 60000000 | L81: 0 | M81: 30000000 | N81: 0
A82: ग. मिळकतकर थकबाकी शास्ती (२%) (कआकसंप्र) | B82: RI11H102G | C82: 244512723 | D82: 472723044 | E82: 281401747 | F82: 90107035 | G82: 228750826 | H82: 500000000 | I82: 500000000 | J82: 800000000 | K82: 800000000 | L82: 0 | M82: 300000000 | N82: 0
C83: 0 | D83: 0 | E83: 0 | F83: 0 | G83: 0 | H83: 0 | I83: 0 | J83: 0 | K83: 0 | L83: 0 | M83: 0 | N83: 0
A84: ज२. बेरीज | C84: 367279049 | D84: 531913401 | E84: 334027552 | F84: 1.1255778e+08 | G84: 2.7800045e+08 | H84: 557800000 | I84: 557800000 | J84: 887800000 | K84: 887800000 | L84: 0 | M84: 330000000 | N84: 0
C85: 0 | D85: 0 | E85: 0 | F85: 0 | G85: 0 | H85: 0 | I85: 0 | J85: 0 | K85: 0 | L85: 0 | M85: 0 | N85: 0
A86: ३. किरकोळ जमा | C86: 0 | D86: 0 | E86: 0 | F86: 0 | G86: 0 | H86: 0 | I86: 0 | J86: 0 | K86: 0 | L86: 0 | M86: 0 | N86: 0
A87: अ. न नेलेली व जप्त केलेली अनामत पक्की जमा (मु.ले.) | B87: RI11H103A | C87: 1657999 | D87: 7737165 | E87: 2344292 | F87: -2663707 | G87: 514538.5 | H87: 3000000 | I87: 3000000 | J87: 1500000 | K87: 1500000 | L87: 0 | M87: 0 | N87: 1500000
A88: ब. काटा भाडे (आ.क.प्र.) | B88: RI11H103B | C88: 100 | D88: 38349 | E88: 120 | F88: 0 | G88: 0 | H88: 0 | I88: 0 | J88: 45000 | K88: 45000 | L88: 0 | M88: 45000 | N88: 0
A89: क. १ मतदार याद्या विक्री (म.स.आ.) | B89: RI11H103C | C89: 33681 | D89: 21133 | E89: 87431 | F89: 76427 | G89: 911 | H89: 15000 | I89: 15000 | J89: 3192000 | K89: 3192000 | L89: 0 | M89: 3177000 | N89: 0
A90: २ इतर किरकोळ जमा | B90: RI11H103D | C90: 9362 | D90: 15981 | E90: 597643 | F90: 589577 | G90: 8807 | H90: 5000 | I90: 5000 | J90: 608000 | K90: 608000 | L90: 0 | M90: 603000 | N90: 0
A91: ड. इतर खात्यांकडील पुस्तके, मॅन्युअल्स्‌, नकाशे इ. (मसआ.जिंघ.) | B91: RI11H103E | C91: 710036 | D91: 740023 | E91: 86862 | F91: -4457 | G91: 186325.5 | H91: 75000 | I91: 75000 | J91: 50000 | K91: 50000 | L91: 0 | M91: 0 | N91: 25000
A92: ई. भांडार खात्याकडील जुने साहित्य विक्री (म.स.आ.) | B92: RI11H103F | C92: 0 | D92: 0 | E92: 2321725 | F92: 2321725 | G92: 0 | H92: 12100000 | I92: 12100000 | J92: 20000000 | K92: 20000000 | L92: 0 | M92: 7900000 | N92: 0
A93: घ. तपासणीसाठी ठेवलेल्या मालावरील रखवाली फी (आ.क.प्र.) | B93: RI11H103H | C93: 407 | D93: 0 | E93: 0 | F93: 0 | G93: 0 | H93: 0 | I93: 0 | J93: 0 | K93: 0 | L93: 0 | M93: 0 | N93: 0
A94: ड. परत माल नोंद लेखनिकी खर्च (आ.क.प्र.) | B94: RI11H103I | C94: 6967022 | D94: 1260 | E94: 400 | F94: 0 | G94: 0 | H94: 0 | I94: 0 | J94: 0 | K94: 0 | L94: 0 | M94: 0 | N94: 0
A95: च. देणगी फॉर्म विक्री जमा (उपआयुकत ज) | B95: RI11H103J | C95: 220 | D95: 310 | E95: 0 | F95: 0 | G95: 0 | H95: 3000 | I95: 3000 | J95: 3000 | K95: 3000 | L95: 0 | M95: 0 | N95: 0
A96: छ. घरबांधणी कर्ज फॉर्म विक्री (मसआ.जिंघ.) | B96: RI11H103K | C96: 0 | D96: 10200 | E96: 7420 | F96: 6120 | G96: 600 | H96: 1000 | I96: 1000 | J96: 0 | K96: 0 | L96: 0 | M96: 0 | N96: 1000
A97: ज. खानेसुमारीपोटी शासनाकडून मिळणारी रक्कम (जिं.घ.) | B97: RI11H103L | C97: 0 | D97: 91000 | E97: 0 | F97: 0 | G97: 0 | H97: 27896257 | I97: 27896257 | J97: 37387845 | K97: 37387845 | L97: 0 | M97: 9491588 | N97: 0
A98: सेवकवर्ग विभाग इतर जमा | B98: RI11H103N | C98: 57705 | D98: 0 | E98: 4941 | F98: 0 | G98: 80 | H98: 0 | I98: 0 | J98: 0 | K98: 0 | L98: 0 | M98: 0 | N98: 0
... A104: जकात नाक्यांवरील उपहारगृह भाडेपोटी जमा | B104: RI11H103U | C104: 356453 | D104: 313441 | E104: 365491 | F104: 0 | G104: 0 | H104: 0 | I104: 0 | J104: 0 | K104: 0 | L104: 0 | M104: 0 | N104: 0
C105: 0 | D105: 0 | E105: 0 | F105: 0 | G105: 0 | H105: 0 | I105: 0 | J105: 0 | K105: 0 | L105: 0 | M105: 0 | N105: 0
A106: ज३. बेरीज | C106: 42574520 | D106: 20839002 | E106: 10624977 | F106: 975279.1 | G106: 1476013 | H106: 43695257 | I106: 43695257 | J106: 63285845 | K106: 63285845 | L106: 0 | M106: 19590588 | N106: 0
C107: 0 | D107: 0 | E107: 0 | F107: 0 | G107: 0 | H107: 0 | I107: 0 | J107: 0 | K107: 0 | L107: 0 | M107: 0 | N107: 0
...

Sheet RevenueExpenditureA
A1: योजनेतर खर्च तपशील
A2: विवरण | D2: नक्‍की आकडा | G2: मान्य अंदाज 2015-16 | H2: नवीन अंदाज 2016-17
D3: 2012-13 | E3: 2013-14 | F3: 2014-15
A5: १. मुख्य देखरेख, वसुली वगैरे | D5: 0 | E5: 0 | F5: 0 | G5: 0 | H5: 0
A6: क. महानगरपालिका व स्थायी समिती | D6: 0 | E6: 0 | F6: 0 | G6: 0 | H6: 0
A7: १ नगरसचिव यांचे कार्यालय | D7: 0 | E7: 0 | F7: 0 | G7: 0 | H7: 0
A8: १. नगरसचिव (म्युनिसिपल सेक्रेटरी) (मुं.प्रां. मनपा अधिनियम, कलम४५(३) प्रमाणे) वेतन | B8: RE11A101A | D8: 855726 | E8: 1031198 | F8: 1101057 | G8: 1200000 | H8: 1500000
A9: २. कायम सेवकवर्ग वेतन | B9: RE11A102A | D9: 31021031 | E9: 31853678 | F9: 33475150 | G9: 37500000 | H9: 42500000
A10: ३. संकीर्ण (न.स.) | B10: RE11A103 | D10: 9994392 | E10: 7392997 | F10: 5578556 | G10: 6400000 | H10: 7500000
A11: ३अ. मागील बिले देण्यासाठी (न.स.) | B11: RE11A103A | D11: 843860 | E11: 793104 | F11: 643043 | G11: 800000 | H11: 2500000
A12: ४. प्रवास खर्च (न.स.) | B12: RE11A104 | D12: 10016 | E12: 0 | F12: 3362 | G12: 1600000 | H12: 2000000
A13: ५. ग्रंथालय व वाचनालय | B13: RE11A105 | D13: 134157 | E13: 150457 | F13: 148487 | G13: 140000 | H13: 200000
A14: ६. समारंभ खर्च (न.स. व वि.अ.) | B14: RE11A106 | D14: 270840 | E14: 297860 | F14: 253700 | G14: 240000 | H14: 500000
A15: १०. अखिल भारतीय/महाराष्ट्र महापौर परिषद व अखिल भारतीय स्थानिक स्वराज्य संस्था प्रतिनिधी अधिवेशन | B15: RE11A110 | D15: 0 | E15: 0 | F15: 1800 | G15: 96000 | H15: 120000
A16: ११. मनपा व शासकीय निवृत्त सेवकांना द्यावयाचा चहापान खर्च | B16: RE11A111 | D16: 57580 | E16: 76493 | F16: 73480 | G16: 240000 | H16: 300000
A17: १३. महाराष्ट्र राज्य महानगरपालिका स्थायी समिती अध्यक्ष परिषद वर्गणी व तद्‌नुषंगिक खर्च | B17: RE11A113 | D17: 0 | E17: 0 | F17: 0 | G17: 800 | H17: 1000
A18: १४. मा. महापौर यांचा व्ययनियमन (सम्प्च्युअरी) भत्ता | B18: RE11A114 | D18: 0 | E18: 0 | F18: 0 | G18: 4000 | H18: 5000
A19: १५. मा. महापौर यांचा ऐच्छिक खर्च | B19: RE11A115 | D19: 111767 | E19: 150789 | F19: 260496 | G19: 160000 | H19: 200000
... A51: सत्कार, अभिनंदन, पुरस्कार, बक्षिसे यासारखे कार्यक्रम साजरे करणे (यादी आर3) | B51: RE11A276# | D51: 2768389 | E51: 4598403 | F51: 4132623 | G51: 22812000 | H51: 9440000
D52: 0 | E52: 0 | F52: 0 | G52: 0 | H52: 0
A53: क. मनपा व स्थायी समिती बेरीज | D53: 77229108 | E53: 78238158 | F53: 69785307 | G53: 119208800 | H53: 168411000
D54: 0 | E54: 0 | F54: 0 | G54: 0 | H54: 0
A55: ख. मुख्य लेखापरिक्षक यांचे कार्यालय | D55: 0 | E55: 0 | F55: 0 | G55: 0 | H55: 0
A56: १. मुख्य लेखापरिक्षक (म्युनिसिपल चीफ ऑडिटर) (मु.प्रां. मनपा अधिनियम, कलम ४५ (३) प्रमाणे) यांचे वेतन | B56: RE11B101A | D56: 1092467 | E56: 1600994 | F56: 1626729 | G56: 2200000 | H56: 2200000
A57: २. कायम सेवकवर्ग वेतन | B57: RE11B102A | D57: 22242113 | E57: 22855648 | F57: 24303637 | G57: 28500000 | H57: 31500000
A58: ३. संकीर्ण | B58: RE11B103 | D58: 107923 | E58: 153324 | F58: 56982 | G58: 240000 | H58: 300000
D59: 0 | E59: 0 | F59: 0 | G59: 0 | H59: 0
A60: ख. मुख्यलेखापरिक्षक यांचे कार्या. बेरीज | D60: 23442503 | E60: 24609966 | F60: 25987348 | G60: 30940000 | H60: 34000000
D61: 0 | E61: 0 | F61: 0 | G61: 0 | H61: 0
A62: ग१. महापालिका आयुक्त यांचे कार्यालय | D62: 0 | E62: 0 | F62: 0 | G62: 0 | H62: 0
A63: १. महापालिका आयुक्त (म्युनिसिपल कमिशनर) (मु. प्रां. मनपा अधिनियम, कलम ३७ (१) प्रमाणे) यांचे वेतन | B63: RE11C101A | D63: 1510814 | E63: 1488203 | F63: 2711973 | G63: 2500000 | H63: 2500000
A64: २. उपआयुक्त (जनरल) (मुं. प्रां. मनपा अधिनियम, कलम ४५(३) प्रमाणे) यांचे वेतन | B64: RE11C102A | D64: 1614033 | E64: 1713176 | F64: 1139336 | G64: 1200000 | H64: 1500000
A65: ३. कायम सेवकवर्ग वेतन | B65: RE11C103A | D65: 15590612 | E65: 15963608 | F65: 16474467 | G65: 20000000 | H65: 20000000
A66: ४. संकीर्ण | B66: RE11C104 | D66: 970880 | E66: 962423 | F66: 666868 | G66: 1020000 | H66: 1275000
A67: ६. मा. महापालिका आयुक्त यांचा ऐच्छिक खर्च (म.स.आ.) | B67: RE11C106 | D67: 0 | E67: 0 | F67: 0 | G67: 289000 | H67: 700000
A68: पुणे मनपाने ज्या देशांशी मैत्री करार केले आहेत त्यांचे संबंध अधिक दृढ करणे | B68: RE11C168 | D68: 0 | E68: 0 | F68: 0 | G68: 10000000 | H68: 0
A69: पुणे ब्रॅडिंग | B69: RE11C169 | D69: 0 | E69: 0 | F69: 0 | G69: 10000000 | H69: 0
D70: 0 | E70: 0 | F70: 0 | G70: 0 | H70: 0
A71: ग१. महापालिका आयुक्त कार्यालय बेरीज | D71: 19686339 | E71: 20127410 | F71: 20992644 | G71: 45009000 | H71: 25975000
D72: 0 | E72: 0 | F72: 0 | G72: 0 | H72: 0
A73: ग२. अतिरिक्त महापालिका आयुक्त (विशेष) यांचे कार्यालय | D73: 0 | E73: 0 | F73: 0 | G73: 0 | H73: 0
A74: १. अतिरिक्त महापालिका आयुक्त (विशेष) यांचे वेतन | B74: RE11C126A | D74: 731679 | E74: 584314 | F74: 756064 | G74: 1500000 | H74: 2500000
A75: २. कायम सेवकवर्ग वेतन | B75: RE11C127A | D75: 6109849 | E75: 8527664 | F75: 11116883 | G75: 10000000 | H75: 12500000
A76: ३. संकीर्ण | B76: RE11C128 | D76: 426705 | E76: 388780 | F76: 129848 | G76: 480000 | H76: 600000
A77: ४. मनपा सेवकांस विविध सेमिनर, कॉन्फरन्स, प्रशिक्षण इ. साठी हजर राहण्यासाठी खर्च | B77: RE11C129 | D77: 152270 | E77: 106076 | F77: 63204 | G77: 136000 | H77: 250000
A78: ५. मनपा अधिकार्‍यांकडे येणार्‍या पाहुण्यांच्या आतिथ्याकरिता होणारा खर्च | B78: RE11C129C | D78: 18710 | E78: 19332 | F78: 15844 | G78: 68000 | H78: 125000
D79: 0 | E79: 0 | F79: 0 | G79: 0 | H79: 0
A80: ग२. अतिरिक्त महापालिका आयुक्त (विशेष) यांचे कार्यालय बेरीज | D80: 7439213 | E80: 9626166 | F80: 12081843 | G80: 12184000 | H80: 15975000
D81: 0 | E81: 0 | F81: 0 | G81: 0 | H81: 0
A82: ग३. अतिरिक्त महापालिका आयुक्त (जनरल) यांचे कार्यालय | D82: 0 | E82: 0 | F82: 0 | G82: 0 | H82: 0
A83: १. मा. अतिरिक्त महापालिका आयुक्त (जनरल) यांचे वेतन | B83: RE11C131A | D83: 518079 | E83: 0 | F83: 0 | G83: 1500000 | H83: 2500000
A84: २. कायम सेवकवर्ग वेतन | B84: RE11C132A | D84: 4682321 | E84: 4917631 | F84: 5670265 | G84: 7500000 | H84: 8500000
A85: ३. संकीर्ण | B85: RE11C133 | D85: 299883 | E85: 264856 | F85: 101416 | G85: 480000 | H85: 600000
A86: ४.अतिरिक्त महापालिका आयुक्त (जनरल) यांचेकडे येणार्‍या पाहुण्यांचा आतिथ्याकरिता होणारा खर्च | B86: RE11C134 | D86: 450 | E86: 0 | F86: 0 | G86: 68000 | H86: 85000
A87: ५. अधिकारी / सेवक प्रशिक्षण वर्ग / कार्यशाळेस उपस्थित राहण्याचा प्रवासखर्च, कार्यशाळा शुल्क, प्रशिक्षण शुल्क वगैरे | B87: RE11C135 | D87: 0 | E87: 130800 | F87: 0 | G87: 136000 | H87: 170000
D88: 0 | E88: 0 | F88: 0 | G88: 0 | H88: 0
A89: ग३. अतिरिक्त महापालिका आयुक्त (जनरल) यांचे कार्यालय बेरीज | D89: 5500733 | E89: 5313287 | F89: 5771681 | G89: 9684000 | H89: 11855000
D90: 0 | E90: 0 | F90: 0 | G90: 0 | H90: 0
A91: ग४. अतिरिक्त महापालिका आयुक्त (इस्टेट) यांचे कार्यालय | D91: 0 | E91: 0 | F91: 0 | G91: 0 | H91: 0
A92: १. मा. अतिरिक्त महापालिका आयुक्त (इस्टेट) यांचे वेतन | B92: RE11C141 | D92: 0 | E92: 801819 | F92: 836451 | G92: 1500000 | H92: 3300000
A93: २. कायम सेवकवर्ग वेतन | B93: RE11C142 | D93: 0 | E93: 0 | F93: 0 | G93: 10000000 | H93: 12500000
A94: ३. संकीर्ण | B94: RE11C143 | D94: 0 | E94: 362260 | F94: 167836 | G94: 480000 | H94: 600000
A95: ४.अतिरिक्त महापालिका आयुक्त (इस्टेट) यांचेकडे येणार्‍या पाहुण्यांचा आतिथ्याकरिता होणारा खर्च | B95: RE11C144 | D95: 0 | E95: 3035 | F95: 1400 | G95: 68000 | H95: 100000
A96: ग४. अतिरिक्त महापालिका आयुक्त (इस्टेट) यांचे कार्यालय बेरीज | D96: 0 | E96: 1167114 | F96: 1005687 | G96: 12048000 | H96: 16500000
A97: ग५. दक्षता विभाग | D97: 0 | E97: 0 | F97: 0 | G97: 0 | H97: 0
A98: १. कायम सेवकवर्ग वेतन | B98: RE11C151 | D98: 0 | E98: 0 | F98: 0 | G98: 10000000 | H98: 12500000
A99: २. संकीर्ण | B99: RE11C152 | D99: 43522 | E99: 35166 | F99: 28049 | G99: 120000 | H99: 120000
D100: 0 | E100: 0 | F100: 0 | G100: 0 | H100: 0
A101: ग५. दक्षता विभाग बेरीज | D101: 43522 | E101: 35166 | F101: 28049 | G101: 10120000 | H101: 12620000
D102: 0 | E102: 0 | F102: 0 | G102: 0 | H102: 0
A103: ग१+ग२+ग३+ग४+ग५ एकूण बेरीज | D103: 32669807 | E103: 36269143 | F103: 39879904 | G103: 89045000 | H103: 82925000
D104: 0 | E104: 0 | F104: 0 | G104: 0 | H104: 0
A105: घ१. उपआयुक्त (विशेष) यांचे कार्यालय | D105: 0 | E105: 0 | F105: 0 | G105: 0 | H105: 0
A106: १. उपआयुक्त (विशेष) (मुं. प्रां. मनपा अधिनियम, कलम ४५(३) प्रमाणे) यांचे वेतन | B106: RE11D101A | D106: 408380 | E106: 293084 | F106: 1031779 | G106: 1200000 | H106: 2700000
A107: २. कायम सेवकवर्ग वेतन | B107: RE11D102A | D107: 3105292 | E107: 3794282 | F107: 4695065 | G107: 5000000 | H107: 8000000
A108: ३. संकीर्ण | B108: RE11D103 | D108: 36782 | E108: 148869 | F108: 67522 | G108: 120000 | H108: 150000
D109: 0 | E109: 0 | F109: 0 | G109: 0 | H109: 0
A110: घ१. उपआयुक्त (विशेष) कार्यालय बेरीज | D110: 3550454 | E110: 4236235 | F110: 5794366 | G110: 6320000 | H110: 10850000
D111: 0 | E111: 0 | F111: 0 | G111: 0 | H111: 0
A112: मुख्य समन्वयक कार्यालय (स्मार्ट सिटी व अमृत योजना) | D112: 0 | E112: 0 | F112: 0 | G112: 0 | H112: 0
A113: 1. संकीर्ण | B113: RE11D111 | D113: 0 | E113: 0 | F113: 0 | G113: 0 | H113: 1500000
D114: 0 | E114: 0 | F114: 0 | G114: 0 | H114: 0
A115: मुख्य समन्वयक कार्यालय (स्मार्ट सिटी व अमृत योजना) कार्यालय बेरीज | D115: 0 | E115: 0 | F115: 0 | G115: 0 | H115: 1500000
D116: 0 | E116: 0 | F116: 0 | G116: 0 | H116: 0
A117: घ२. सेवकवर्ग विभाग | D117: 0 | E117: 0 | F117: 0 | G117: 0 | H117: 0
A118: १. कायम सेवकवर्ग वेतन | B118: RE11D126A | D118: 10330725 | E118: 13467017 | F118: 14462421 | G118: 65000000 | H118: 25000000
A119: २. संकीर्ण | B119: RE11D127 | D119: 397644 | E119: 394330 | F119: 287881 | G119: 408000 | H119: 500000
A120: ४. विविध रिक्त पदे भरण्यासाठी आयोजित करण्यात येणार्‍या परीक्षांसाठी खर्च | B120: RE11D127B | D120: 486544 | E120: 238517 | F120: 105074 | G120: 0 | H120: 0
A121: ५. प्रशिक्षण प्रबोधिनीसाठी फर्निचर व तद्‌नुषंगिक कामे करणे व साहित्य घेणे | B121: RE11D127C | D121: 0 | E121: 459732 | F121: 0 | G121: 1020000 | H121: 1020000
A122: ६. अधिकारी / कर्मचार्‍यांसाठी प्रशिक्षण आयोजन करणेसाठी खर्च | B122: RE11D127D | D122: 269248 | E122: 155752 | F122: 304943 | G122: 1360000 | H122: 2000000
A123: ७. पुणे मनपामध्ये बायोमॅट्रिक अटेंडन्स प्रणाली कार्यान्वीत करणे | B123: RE11D127E | D123: 0 | E123: 5000000 | F123: 0 | G123: 3400000 | H123: 10000000
A124: ८. सेवकवर्ग विभागासाठी फर्निचर करणे | B124: RE11D127F | D124: 889017 | E124: 0 | F124: 0 | G124: 867000 | H124: 1000000
D125: 0 | E125: 0 | F125: 0 | G125: 0 | H125: 0
A126: घ२. सेवकवर्ग विभाग बेरीज | D126: 12373178 | E126: 19715348 | F126: 15160319 | G126: 72055000 | H126: 39520000
D127: 0 | E127: 0 | F127: 0 | G127: 0 | H127: 0
A128: घ२अ. सेवाभरती व परीक्षा नियंत्रण विभाग | D128: 0 | E128: 0 | F128: 0 | G128: 0 | H128: 0
A129: १. कायम सेवकवर्ग वेतन | B129: RE11D151 | D129: 0 | E129: 0 | F129: 0 | G129: 0 | H129: 7000000
A130: 3. विविध रिक्त पदे भरण्यासाठी आयोजित करण्यात येणार्‍या परीक्षांसाठी खर्च | B130: RE11D153 | D130: 0 | E130: 0 | F130: 0 | G130: 0 | H130: 3000000
D131: 0 | E131: 0 | F131: 0 | G131: 0 | H131: 0
A132: घ२अ. सेवाभरती व परीक्षा नियंत्रण विभाग बेरीज | D132: 0 | E132: 0 | F132: 0 | G132: 0 | H132: 10000000
...

Sheet RevenueListA
A3: यादी क्र. आर१
A4: थोर व्यक्तींच्या जयंती / पुण्यतिथी साजरी करणे
A5: RE11A274/R1-
A7: क्र. | B7: code | C7: ward | E7: कामाचे नाव | F7: प्रकल्पीय रक्कम | G7: तरतूद
A9: 1 | B9: RE11A274/R1-1 | E9: महात्मा फुले जयंती | G9: 100000
A10: 2 | B10: RE11A274/R1-2 | E10: डॉ. बाबासाहेब आंबेडकर जयंती | G10: 150000
A11: 3 | B11: RE11A274/R1-3 | E11: लोकशाहीर अण्णाभाऊ साठे जयंती | G11: 100000
A12: 4 | B12: RE11A274/R1-4 | E12: ईद-ए-मिलाद (पैगंबर जयंती) | G12: 150000
A13: 5 | B13: RE11A274/R1-5 | E13: शहरातील शिवजयंती साजरी करणे, रोषणाई करणे | G13: 6800000
A14: 6 | B14: RE11A274/R1-6 | E14: महात्मा फुले यांची पुण्यतिथी साजरी करणे (दि. 28 नोव्हेंबर) | G14: 500000
A15: 7 | B15: RE11A274/R1-7 | E15: मौलाना अब्दुल कलाम आझाद जयंती व पुण्यतिथी साजरी करणे | G15: 600000
A16: 8 | B16: RE11A274/R1-8 | E16: लहुजी वस्ताद साळवे जयंती महोत्सव गंज पेठ व संगमवाडी येथे साजरा करणे | G16: 400000
A17: 9 | B17: RE11A274/R1-9 | E17: नेताजी सुभाषचंद्र बोस यांची जयंती साजरी करणे | G17: 25000
A18: 10 | B18: RE11A274/R1-10 | E18: येरवडा येथे लोकशाहिर अण्णाभाऊ साठे जयंती महोत्सव साजरा करणे | G18: 100000
A19: 11 | B19: RE11A274/R1-11 | E19: श्री संत रोहिदास महाराज जयंती, पुण्यतिथी साजरी करणे | G19: 2525000
E21: यादी क्र. आर१ एकूण | F21: 0 | G21: 11450000
A24: यादी क्र. आर2
A25: शहरामध्ये विविध कार्यक्रम, उत्सव, महोत्सव, संमेलन/ सहप्रायोजक तत्वावर कार्यक्रम साजरे करणे
A26: RE11A275/R2-
A28: क्र. | B28: code | C28: ward | E28: कामाचे नाव | F28: प्रकल्पीय रक्कम | G28: तरतूद
A30: 1 | B30: RE11A275/R2-1 | E30: महानगरपालिका वर्धापन दिन / सुवर्ण महोत्सव साजरा करणे | G30: 300000
A31: 2 | B31: RE11A275/R2-2 | E31: वर्षातील महत्त्वपूर्ण दिन : | G31: 600000
A32: 3 | B32: RE11A275/R2-3 | E32: राजगड श्री शिवाजीमहाराज आग्र्‍याहून सुटून परत आले तो स्मृती दिन प्रतिवर्षी साजरा करणे | G32: 215000
A33: 4 | B33: RE11A275/R2-4 | E33: शनिवारवाडा सांस्कृतिक महोत्सव | G33: 2000000
A34: 5 | B34: RE11A275/R2-5 | E34: भारतरत्न डॉ. बाबासाहेब आंबेडकर सांस्कृतिक महोत्सव साजरा करणे/ भिम फेस्टिवल (शनिवारवाडा पटांगण) / फुले आंबेडकर फेस्टिवल (समताभूमी) | G34: 5000000
A35: 6 | B35: RE11A275/R2-6 | E35: शिवमहोत्सव साजरा करणे (१४ ते २० फेब्रुवारी) | G35: 2000000
A36: 7 | B36: RE11A275/R2-7 | E36: अण्णाभाऊ साठे महोत्सव | G36: 4500000
A37: 8 | B37: RE11A275/R2-8 | E37: भारतरत्न डॉ. बाबासाहेब आंबेडकर यांचा शतकोत्तर रजत महोत्सव वर्ष साजरे करणे | G37: 25000000
A38: 9 | B38: RE11A275/R2-9 | E38: सावित्रीबाई फुले व्याख्यानमाला सुरु करणे | G38: 1000000
A39: 10 | B39: RE11A275/R2-10 | E39: युवा महोत्सव | G39: 5000000
A40: 11 | B40: RE11A275/R2-11 | E40: महिला महोत्सव | G40: 2500000
A41: 12 | B41: RE11A275/R2-12 | E41: महात्मा फुले पुण्यतिथी निमित्त फुलेवाडा सुशोभिकरण व कार्यक्रम घेणे | G41: 500000
... A43: 14 | B43: RE11A275/R2-14 | E43: महात्मा फुले नाट्‌यगृह वानवडी येथे म. फुले यांचे तैलचित्र व जीवनावर आधारित म्युरल करणे | G43: 5000000
A44: 15 | B44: RE11A275/R2-15 | C44: 67 | E44: प्र.क्र. ६७ब, शारदाबाई पवार कलामहोत्सव साजरा करणे | G44: 2500000
E46: यादी क्र. आर2 एकूण | F46: 0 | G46: 57115000
A49: यादी क्र. आर3
A50: सत्कार, अभिनंदन, पुरस्कार, बक्षिसे यासारखे कार्यक्रम साजरे करणे
A51: RE11A276/R3-
A53: क्र. | B53: code | C53: ward | E53: कामाचे नाव | F53: प्रकल्पीय रक्कम | G53: तरतूद
A55: 1 | B55: RE11A276/R3-1 | E55: गणेशोत्सव प्रशस्तिपत्रके वितरण | G55: 1000000
A56: 2 | B56: RE11A276/R3-2 | E56: श्री. संत ज्ञानेश्वर व तुकाराम महाराज पालखी स्वागत व दिंडी प्रमुखांचा स्मृतीचिन्ह देऊन सत्कार | G56: 1000000
A57: 3 | B57: RE11A276/R3-3 | E57: प्रतिवर्षी पुणे शहरातील इयत्ता १० वी, १२ वी परिक्षेत गुणवत्ता यादीत येणार्‍या विद्यार्थ्यांचे अभिनंदन | G57: 60000
A58: 4 | B58: RE11A276/R3-4 | E58: बालगंधर्व पुरस्कार प्रदानकरिता | G58: 500000
A59: 5 | B59: RE11A276/R3-5 | E59: पट्टे बापूराव पुरस्कारकरिता | G59: 500000
A60: 6 | B60: RE11A276/R3-6 | E60: आचार्य अत्रे पुरस्कारकरिता | G60: 60000
A61: 7 | B61: RE11A276/R3-7 | E61: पुणे आंतरराष्ट्रीय मॅरेथॉन स्पर्धेसाठी पारितोषिके | G61: 2745000
A62: 8 | B62: RE11A276/R3-8 | E62: महर्षि वाल्मिकी पुरस्कार | G62: 500000
A63: 9 | B63: RE11A276/R3-9 | E63: सावित्रीबाई फुले पुरस्कार | G63: 100000
A64: 10 | B64: RE11A276/R3-10 | E64: मौलाना अब्दुल कलाम आझाद पुरस्कार | G64: 300000
A65: 11 | B65: RE11A276/R3-11 | E65: जयंतराव टिळक पुरस्कार | G65: 100000
A66: 12 | B66: RE11A276/R3-12 | E66: १ ऑक्टोंबर - जागतिक ज्येष्ठ नागरिक दिनाच्या मेळाव्याकरता आच्छादित मंडप टाकणे व स्मृतिचिन्हे देणे. कायम स्वरूपी तरतूद करणे | G66: 100000
... A73: 19 | B73: RE11A276/R3-19 | E73: क्रांतीज्योती सावित्रीबाई फुले यांच्या नावाने पुरस्कार देणे | G73: 150000
E75: यादी क्र. आर3 एकूण | F75: 0 | G75: 9440000
A78: यादी क्र. एसआर9
A79: संगणक व संगणक तंत्रज्ञान याकरिता विविध कामे करणे
A80: RE11N122/SR9-
A82: क्र. | B82: code | C82: ward | E82: कामाचे नाव | F82: प्रकल्पीय रक्कम | G82: तरतूद
A84: 1 | B84: RE11N122/SR9-1 | C84: 15 | E84: प्रभाग क्र. १५ अ मध्ये समता मंडळामध्ये अत्याधुनिक पध्दतीचे कॉम्प्युटर लायब्ररी अॅम्पासीला सुरु करणे | G84: 1000000
A85: 2 | B85: RE11N122/SR9-2 | C85: 56 | E85: प्रभाग क्र.५६ अ मध्ये म.न.पा. शाळेस संगणक पुरविणे | G85: 1500000
A86: 3 | B86: RE11N122/SR9-3 | C86: 63 | E86: प्रभाग क्र.६३ ब मध्ये मिठा नगर येथील शाळेसाठी संगणक खरेदी करणे | G86: 1000000
A87: 4 | B87: RE11N122/SR9-4 | C87: 67 | E87: प्रभाग क्र. 67 ब, वाय फाय करणे | G87: 10000000
A88: 5 | B88: RE11N122/SR9-5 | E88: पालिका विद्यालयामधून टॅब देणे( शैक्षणिक संपूर्ण माहिती/सॉफ्टवेअरसहीत) | G88: 55000000
E90: यादी क्र. एसआर9 एकूण | F90: 0 | G90: 68500000
A93: यादी क्र. एसआर10
A94: सार्वजनिक स्वच्छतागृहात संडास, बाथरूम, ओपन गटारे साहित्य व दुरुस्त्या करणे
A95: RE14B103/SR10-
A97: क्र. | B97: code | C97: ward | E97: कामाचे नाव | F97: प्रकल्पीय रक्कम | G97: तरतूद
A99: 1 | B99: RE14B103/SR10-1 | C99: 4 | E99: प्रभाग क्र. ४अ, श्रमिक वसाहत,कामगारनगर येथे शौचालय बांधणे व दुरुस्ती करणे. | G99: 1500000
A100: 2 | B100: RE14B103/SR10-2 | C100: 4 | E100: प्रभाग क्र. ४ ब मधील नागपूर चाळ मधील नटराज मित्र मंडळ पाठीमागील शौचालय हे नव्याने दुरूस्त करणे. | G100: 1500000
A101: 3 | B101: RE14B103/SR10-3 | C101: 4 | E101: प्रभाग क्र. ४ ब मधील नागपूर चाळमधील विविध सार्वजनिक शौचालय दुरूस्तीची कामे करणे | G101: 2000000
A102: 4 | B102: RE14B103/SR10-4 | C102: 7 | E102: प्र.क्र.७अ मध्ये इंदिरा वसाहत व कस्तुरबा वसाहत येथे शौचालय दुरुस्ती करणे. | G102: 1000000
A103: 5 | B103: RE14B103/SR10-5 | C103: 7 | E103: प्रभाग क्र. ७ ब मध्ये शौचालय दुरूस्ती कामे करणे | G103: 2000000
A104: 6 | B104: RE14B103/SR10-6 | C104: 8 | E104: प्रभाग क्र. ८ ब मध्ये औंध गाव विविध सार्वजनिक सुलभ शौचालय येथे आवश्यक दुरूस्ती करणे | G104: 2000000
A105: 7 | B105: RE14B103/SR10-7 | C105: 11 | E105: प्रभाग क्र ११ अ मधील विविध शौचालयांची दुरुस्तीची कामे करणे | G105: 1000000
A106: 8 | B106: RE14B103/SR10-8 | C106: 11 | E106: प्रभाग क्र.११ ब मध्ये विविध शौचालय दुरूस्ती करणे. | G106: 2000000
A107: 9 | B107: RE14B103/SR10-9 | C107: 11 | E107: प्रभाग क्र.११ ब मध्ये विविध ठिकाणच्या मुताऱ्या दुरूस्ती करणे. | G107: 2000000
A108: 10 | B108: RE14B103/SR10-10 | C108: 14 | E108: प्रभाग क्र. १४ ब मध्ये सुलभ शौचालयांची दुरुस्ती करणे | G108: 1000000
A109: 11 | B109: RE14B103/SR10-11 | C109: 15 | E109: प्रभाग क्र. १५ अ मध्ये लक्ष्मीनगर, अशोकनगर व इतर ठिकाणच्या शौचालयामधील दूरुस्ती करणे | G109: 1000000
A110: 12 | B110: RE14B103/SR10-12 | C110: 15 | E110: प्रभाग क्र १५ ब मधील यशवंतनगर येथील शौचालयांची दुरुस्तीची कामे करणे | G110: 2000000
... A222: 124 | B222: RE14B103/SR10-124 | C222: 13 | E222: प्रभाग क्र. १३ ब मधील विविध ठिकाणची सार्वजनिक स्वच्छतागृहे दुरुस्त करणे | G222: 2500000
E224: यादी क्र. एसआर10 एकूण | F224: 0 | G224: 148500000
A227: यादी क्र. आर4
A228: शहरातील विविध स्मशानभूमी/ दफनभूमीमध्ये देखभाल दुरुस्ती कामे करणे
A229: RE17F169/R4-
A231: क्र. | B231: code | C231: ward | E231: कामाचे नाव | F231: प्रकल्पीय रक्कम | G231: तरतूद
A233: 1 | B233: RE17F169/R4-1 | E233: वैकुंठ स्मशानभूमी येथे सुधारणा कामे करणे | G233: 3500000
A234: 2 | B234: RE17F169/R4-2 | E234: शहरातील हिंदू स्मशानभूमीत सुधारणा कामे करणे | G234: 14000000
A235: 3 | B235: RE17F169/R4-3 | E235: शहरातील मुस्लिम कब्रस्तानात सुधारणा कामे करणे | G235: 7000000
A236: 4 | B236: RE17F169/R4-4 | E236: शहरातील ख्रिश्चन दफनभूमी येथे सुधारणा कामे करणे | G236: 5250000
A237: 5 | B237: RE17F169/R4-5 | E237: लिंगायत स्मशानभूमीत विविध सुधारणा कामे करणे | G237: 3500000
A238: 6 | B238: RE17F169/R4-6 | E238: लिंगायत ख्रिश्चन मुस्लिम स्मशानभूमीमध्ये माती टाकणे | G238: 1750000
E240: यादी क्र. आर4 एकूण | F240: 0 | G240: 35000000
A243: यादी क्र. एसआर11
A244: घनकचरा संदर्भात करावयाची स्वच्छता व देखभाल दुरूस्ती कामे
A245: RE19A153/SR11-
A247: क्र. | B247: code | C247: ward | E247: कामाचे नाव | F247: प्रकल्पीय रक्कम | G247: तरतूद
A249: 1 | B249: RE19A153/SR11-1 | C249: 7 | E249: प्र.क्र.७अ मध्ये झाडणकाम करणे | G249: 500000
A250: 2 | B250: RE19A153/SR11-2 | C250: 7 | E250: प्रभाग क्र. ७ ब मध्ये झाडण कामे करणे | G250: 2000000
A251: 3 | B251: RE19A153/SR11-3 | C251: 9 | E251: प्रभाग क्र.९ब, बाणेर - बालेवाडी या परिसरात झाडण कामासाठी स्वच्छता सेवक पुरविणे | G251: 15000000
A252: 4 | B252: RE19A153/SR11-4 | C252: 11 | E252: प्रभाग क्र. ११ अ मध्ये स्वच्छतेविषयक कामे करणेसाठी सेवक पुरविणे | G252: 1000000
...

Sheet CapitalExpenditureA
A1: सन 2016-17 चे योजनांतर्गत | I1: खर्चाबाबतचे अंदाजपत्रक
A2: अनुक्रमांक | B2: मान्यतेचा ठराव क्र. दिनांक (कोड) | C2: प्रभाग क्रमांक | D2: BPL | E2: कामाचे नाव अगर वर्णन | F2: दि. 31 मार्च 2016 अखेरपर्यंत केलेली तरतूद | I2: दि. 31 मार्च 2015 पर्यंतचा खर्चाचा नक्‍की आकडा | J2: 2015-16 मधील खर्चाची अंदाजी रक्कम | L2: 2016-17 साठी अधिक तरतूद | N2: 2016-17 साठी एकूण तरतूद | O2: प्रकल्पीय रक्कम
F3: कर्जातून | G3: महसूल निधीतून | H3: एकूण | J3: प्रत्यक्ष उपलब्ध तरतूद | K3: कर्जातून तरतूद | L3: कर्जातून | M3: महसूल निधी व इतर निधी
E11: १. मनपा भवन व मनपा इमारती | F11: 0 | G11: 0 | H11: 0 | I11: 0 | J11: 0 | M11: 0 | N11: 0
A12: 1 | B12: CE11A122 | C12: G | E12: मनपा भवन येथे विस्तारित इमारत बांधणे व पुणे मनपा मिळकतीमध्ये क्षेत्रिय कार्यालय/ प्रशासकिय इमारतीचे विस्तारीकरण करणे | F12: 0 | G12: 64997756 | H12: 64997756 | I12: 18197756 | J12: 46800000 | M12: 0 | N12: 0 | O12: 200000000
A13: 2 | B13: CE11A129# | E13: शहरात विविध ठिकाणी मनपासाठी इमारती बांधणे व विकास कामे करणे | F13: 0 | G13: 0 | H13: 0 | I13: 0 | J13: 0 | M13: 290450000 | N13: 290450000
F14: 0 | G14: 0 | H14: 0 | I14: 0 | J14: 0 | M14: 0 | N14: 0
E15: १. मनपा भवन व मनपा इमारती एकूण बेरीज | F15: 0 | G15: 64997756 | H15: 64997756 | I15: 18197756 | J15: 46800000 | M15: 290450000 | N15: 290450000
F16: 0 | G16: 0 | H16: 0 | I16: 0 | J16: 0 | M16: 0 | N16: 0
F17: 0 | G17: 0 | H17: 0 | I17: 0 | J17: 0 | M17: 0 | N17: 0
E18: २. प्राथमिक शिक्षण | F18: 0 | G18: 0 | H18: 0 | I18: 0 | J18: 0 | M18: 0 | N18: 0
A19: 1 | B19: CE12A264 | C19: G | D19: P | E19: पुणे शहरातील प्राथमिक शाळांमध्ये वर्गखोल्या, सिमाभिंत, स्वच्छतागृह, वॉचमन क्वॉर्टर, वॉटर प्रुफिंग, पाण्याची व्यवस्था व इतर तद्‌नुषंगिक कामे व देखभाल दुरूस्तीची कामे करणे | F19: 0 | G19: 99767935 | H19: 99767935 | I19: 92567935 | J19: 7200000 | M19: 0 | N19: 0 | O19: 37500000
A20: 2 | B20: CE12A381# | E20: प्राथमिक शाळेमध्ये मुलभूत सोयी सुविधांसाठी विविध विकासकामे करणे | F20: 0 | G20: 902631240 | H20: 902631240 | I20: 677931240 | J20: 224700000 | M20: 158490000 | N20: 158490000
A21: 3 | B21: CE12A400 | C21: 67 | D21: P | E21: वि.स.खांडेकर शाळा दुसर्‍या मजल्यावर नविन ६ वर्ग खोल्या बांधणे | F21: 0 | G21: 7624342 | H21: 7624342 | I21: 5464342 | J21: 2160000 | M21: 0 | N21: 0
A22: 4 | B22: CE12A411 | C22: 67 | D22: P | E22: वॉर्ड क्र.११६ फायनल प्लॉट क्र.४७८ पर्वती येथील राजीव गांधी प्रायमरी शाळेचे उर्वरित काम पुर्ण करणे | F22: 0 | G22: 49647496 | H22: 49647496 | I22: 47847496 | J22: 1800000 | M22: 0 | N22: 0
A23: 5 | B23: CE12A412 | C23: 53 | D23: P | E23: वॉर्ड क्र. १२७ मधील हिंगणे खुर्द शाळा क्र. १६८ शाळेचा हॉल व वर्गखोल्या बांधणे व नुतनीकरण करणे | F23: 0 | G23: 4837618 | H23: 4837618 | I23: 3037618 | J23: 1800000 | M23: 0 | N23: 0
A24: 6 | B24: CE12A413 | C24: 43 | E24: वॉ.क्रं.९३ साधना विद्यालय येथे शाळा बांधणे | F24: 0 | G24: 19225330 | H24: 19225330 | I24: 17425330 | J24: 1800000 | M24: 0 | N24: 0
A25: 7 | B25: CE12A414 | C25: 36 | E25: एरंडवणा येथील मनपा च्या ताब्यात आलेल्या सन-डयु अपार्टमेंट या ठिकाणी इमारतीत प्राथमिक शाळेसाठी विविध विकासाची कामे करणे | F25: 0 | G25: 17381860 | H25: 17381860 | I25: 13781860 | J25: 3600000 | M25: 0 | N25: 0
A26: 8 | B26: CE12A415 | E26: प्रभाग क्र. १२ अ, बालवीर शिरिषकुमार विालय येथील वॉटर प्रुफिंग,रंगरंगोटी व स्ट्रकरल स्टॅबिलिटी रिपोर्ट प्रमाणे दुरुस्तीची कामे करणे. | F26: 0 | G26: 5619124 | H26: 5619124 | I26: 5619124 | J26: 0 | M26: 0 | N26: 0
A27: 9 | B27: CE12A417 | E27: मनपाच्या अस्तित्वात असलेल्या शाळा इमारतींमध्ये मुलींसाठी नवीन स्वच्छतागृहे बांधणे | F27: 0 | G27: 21925776 | H27: 21925776 | I27: 16525776 | J27: 5400000 | M27: 0 | N27: 0
A28: 10 | B28: CE12A419 | E28: येरवडा, मातोश्री इग्लीश स्कुल मध्ये वर्ग खोल्या बांधणे. | F28: 0 | G28: 1570928 | H28: 1570928 | I28: 1570928 | J28: 0 | M28: 0 | N28: 0
A29: 11 | B29: CE12A420 | C29: 62 | E29: प्र.क्र.६२ कोंढवा बु. येथे शाळा इमारत बांधणे. | F29: 0 | G29: 5418187 | H29: 5418187 | I29: 1818187 | J29: 3600000 | M29: 0 | N29: 0
A30: 12 | B30: CE12A421 | E30: पुणे शहरातील मध्यवर्ती भागाच्या मनपा शाळांमध्ये विविध दुरूस्त्या व विकासकामे करणे | F30: 0 | G30: 5845861 | H30: 5845861 | I30: 2245861 | J30: 3600000 | M30: 0 | N30: 0
A31: 13 | B31: CE12A422# | E31: प्राथमिक शाळेसाठी नवीन इमारत बांधणे | F31: 0 | G31: 0 | H31: 0 | I31: 0 | J31: 0 | M31: 205240000 | N31: 205240000
A32: 14 | B32: CE12A423# | E32: प्राथमिक शाळेसाठी वर्गखोल्या बांधणे | F32: 0 | G32: 0 | H32: 0 | I32: 0 | J32: 0 | M32: 78040000 | N32: 78040000
A33: 15 | B33: CE12A424# | E33: प्राथमिक शाळांची मैदाने विकसित करणे | F33: 0 | G33: 0 | H33: 0 | I33: 0 | J33: 0 | M33: 11650000 | N33: 11650000
A34: 16 | B34: #+ | E34: सन २०१३-१४ मधील अपूर्ण कामांसाठी सन २०१४-१५ मध्ये उपलब्ध केलेली तरतूद | F34: 0 | G34: 92446665 | H34: 92446665 | I34: 92446665 | J34: 0 | M34: 0 | N34: 0
A35: 17 | B35: #+ | E35: सन २०१४-१५ मधील अपूर्ण कामांसाठी सन २०१५-१६ मध्ये उपलब्ध केलेली तरतूद | F35: 0 | G35: 83160000 | H35: 83160000 | I35: 0 | J35: 83160000 | M35: 0 | N35: 0
F36: 0 | G36: 0 | H36: 0 | I36: 0 | J36: 0 | M36: 0 | N36: 0
E37: २. प्राथमिक शिक्षण एकूण बेरीज | F37: 0 | G37: 1317102362 | H37: 1317102362 | I37: 978282362 | J37: 338820000 | M37: 453420000 | N37: 453420000
F38: 0 | G38: 0 | H38: 0 | I38: 0 | J38: 0 | M38: 0 | N38: 0
E39: ३. दुय्यम शिक्षण | F39: 0 | G39: 0 | H39: 0 | I39: 0 | J39: 0 | M39: 0 | N39: 0
A40: 1 | B40: CE13A128# | E40: माध्यमिक शाळांमध्ये मुलभूत सोयी सुविधांसाठी विविध विकासकामे करणे | F40: 0 | G40: 14087912 | H40: 14087912 | I40: 14087912 | J40: 0 | M40: 1050000 | N40: 1050000
A41: 2 | B41: CE13A215 | D41: PL | E41: मनपा शाळांमध्ये मुलींसाठी स्वच्छतागृहे बांधणे | F41: 0 | G41: 28434823 | H41: 28434823 | I41: 25554823 | J41: 2880000 | M41: 0 | N41: 0
F42: 0 | G42: 0 | H42: 0 | I42: 0 | J42: 0 | M42: 0 | N42: 0
E43: ३. दुय्यम शिक्षण एकूण बेरीज | F43: 0 | G43: 42522735 | H43: 42522735 | I43: 39642735 | J43: 2880000 | M43: 1050000 | N43: 1050000
F44: 0 | G44: 0 | H44: 0 | I44: 0 | J44: 0 | M44: 0 | N44: 0
E45: ७. आरोग्य विभाग | F45: 0 | G45: 0 | H45: 0 | I45: 0 | J45: 0 | M45: 0 | N45: 0
A46: 1 | B46: CE17A209 | E46: महाराष्ट्र शासनाच्या धर्तीवर आय.ई.सी. सेंटर उभारणे | F46: 0 | G46: 0 | H46: 0 | I46: 0 | J46: 0 | M46: 0 | N46: 0
A47: 2 | B47: CE17A192# | E47: दवाखान्यातील मुलभूत सोयी सुविधांसाठी विविध विकासकामे करणे | F47: 0 | G47: 364552201 | H47: 364552201 | I47: 290552201 | J47: 74000000 | M47: 225950000 | N47: 225950000
A48: 3 | B48: CE17A205 | C48: 28 | D48: L | E48: सुतार रुग्णालय (कोथरूड) येथे विस्तारीकरण व इतर सुविधा पुरविणे | F48: 0 | G48: 32381867 | H48: 32381867 | I48: 25181867 | J48: 7200000 | M48: 0 | N48: 0
A49: 4 | B49: CE17A206 | C49: 23 | D49: L | E49: कमला नेहरू रुग्णालय प्रोजेक्ट अंतर्गत विविध उपकरणे खरेदी व तद्‌नुषंगिक कामे करणे | F49: 0 | G49: 264948702 | H49: 264948702 | I49: 254508702 | J49: 10440000 | M49: 0 | N49: 0
A50: 5 | B50: CE17A217 | D50: PL | E50: शहरातील इतर सर्व दवाखाने, प्रसुतिगृहे व रुग्णालये यांचेकरिता विविध शस्त्रे व उपकरणे खरेदी करणे | F50: 0 | G50: 204731861 | H50: 204731861 | I50: 139931861 | J50: 64800000 | M50: 0 | N50: 0
A51: 6 | B51: CE17A218 | D51: PL | E51: डॉ. नायडू हॉस्पिटल प्रोजेक्ट | F51: 0 | G51: 7077139 | H51: 7077139 | I51: 3477139 | J51: 3600000 | M51: 0 | N51: 0
A52: 7 | B52: CE17A227# | E52: शहरातील विविध स्मशानभूमी / दफनभूमी साठी विविध विकासकामे करणे | F52: 0 | G52: 216461947 | H52: 216461947 | I52: 130961947 | J52: 85500000 | M52: 148740000 | N52: 148740000
A53: 8 | B53: CE17A230 | E53: कमला नेहरू रुग्णालयासाठी प्रयोगशाळा विकसित करणे | F53: 0 | G53: 20679704 | H53: 20679704 | I53: 14919704 | J53: 5760000 | M53: 0 | N53: 0
A54: 9 | B54: CE17A232 | E54: कोंढवा कत्तलखाना येथे उपलब्ध जागेवर स्लॉटर हाऊस वेस्ट ट्रिटमेंट प्लान्ट उभारणे | F54: 0 | G54: 2910000 | H54: 2910000 | I54: 2910000 | J54: 0 | M54: 0 | N54: 0
A55: 10 | B55: CE17A233 | E55: पुणे महानगरपालिकेच्या विविध ठिकाणी असलेल्या शवदाहिन्यांसाठी चिमणी, वॉटरस्क्रबर इ. विविध तद्‌नुषंगिक कामे करणे. | F55: 0 | G55: 4000000 | H55: 4000000 | I55: 4000000 | J55: 0 | M55: 0 | N55: 0
A56: 11 | B56: CE17A234 | E56: कैलास स्मशानभूमी येथे वूड गॅसीफायरवर चालणारी गॅस शव दाहिनी उभारणे व तद्‌नुषंगिक कामे करणे. | F56: 0 | G56: 710100 | H56: 710100 | I56: 710100 | J56: 0 | M56: 0 | N56: 0
A57: 12 | B57: CE17A235 | C57: 9 | E57: बाणेर स.नं. १६४ मधील आरक्षित जागेमध्ये अद्ययावत सार्वजनिक रुग्णालयासह आरोग्य सुविधा उभारणे | F57: 0 | G57: 17233317 | H57: 17233317 | I57: 10033317 | J57: 7200000 | M57: 0 | N57: 0
A58: 13 | B58: CE17A236 | C58: 15 | E58: येरवडा मुस्लीम दफन भूमी येथे सिमाभिंत बांधणे. | F58: 0 | G58: 9176793 | H58: 9176793 | I58: 5576793 | J58: 3600000 | M58: 0 | N58: 0
A59: 14 | B59: CE17A237 | E59: स्व. मालती काची प्रसुतिगृह येथे विविध मशिनरी खरेदी करणे | F59: 0 | G59: 0 | H59: 0 | I59: 0 | J59: 0 | M59: 0 | N59: 0
A60: 15 | B60: CE17A238 | C60: 52 | E60: वैकुंठ स्मशानभूमीत संथारा मरण व्यक्तिस अग्री देण्यासाठी स्वतंत्र चौथरा व शेड बांधणे. | F60: 0 | G60: 4098386 | H60: 4098386 | I60: 498386 | J60: 3600000 | M60: 0 | N60: 0
A61: 16 | B61: CE17A239 | E61: स्मशानभूमि मध्ये वुड सक्शन मशीन बसविणे, प्रत्येक क्षेत्रिय कार्यालयाअंतर्गत एक | F61: 0 | G61: 62988317 | H61: 62988317 | I61: 62988317 | J61: 0 | M61: 0 | N61: 0
A62: 17 | B62: CE17A240 | E62: पुणे मनपाच्या बाबू गेनू दवाखाना (रविवार पेठ), आनंदीबाई नरहरी गाडगीळ दवाखाना, कलावती मावळे दवाखाना येथील विविध विकास कामे करणे व दर्जा वाढ करणे | F62: 0 | G62: 2000000 | H62: 2000000 | I62: 0 | J62: 2000000 | M62: 0 | N62: 0
A63: 18 | B63: CE17A241 | C63: 18 | E63: प्रभाग क्र. १८ व वडगाव शेरी परिसरामध्ये विविध मनपा शाळांमध्ये विविध सुधारणा विषयक कामे करणे | F63: 0 | G63: 2000000 | H63: 2000000 | I63: 0 | J63: 2000000 | M63: 0 | N63: 0
A64: 19 | B64: CE17A242# | E64: शहरामध्ये नव्याने प्रसुतिगृह / विविध सोयीसुविधा असलेले दवाखाने बांधणे | F64: 0 | G64: 0 | H64: 0 | I64: 0 | J64: 0 | M64: 162650000 | N64: 162650000
A65: 20 | B65: CE17A243# | E65: प्राथमिक आरोग्य केंद्र उभारणे | F65: 0 | G65: 0 | H65: 0 | I65: 0 | J65: 0 | M65: 15050000 | N65: 15050000
A66: 21 | B66: CE17A244# | E66: शहरातील दवाखान्यांसाठी विविध उपकरणे खरेदी करणे | F66: 0 | G66: 0 | H66: 0 | I66: 0 | J66: 0 | M66: 88300000 | N66: 88300000
A67: 23 | B67: CE17A246# | E67: शहरातील दशक्रीया विधीसाठी घाट बांधणे, विविध विकास कामे करणे | F67: 0 | G67: 0 | H67: 0 | I67: 0 | J67: 0 | M67: 10500000 | N67: 10500000
A68: 24 | B68: #+ | E68: सन २०१३-१४ मधील अपूर्ण कामांसाठी सन २०१४-१५ मध्ये उपलब्ध केलेली तरतूद | F68: 0 | G68: 51752360 | H68: 51752360 | I68: 51752360 | J68: 0 | M68: 0 | N68: 0
A69: 25 | B69: #+ | E69: सन २०१४-१५ मधील अपूर्ण कामांसाठी सन २०१५-१६ मध्ये उपलब्ध केलेली तरतूद | F69: 0 | G69: 93760000 | H69: 93760000 | I69: 0 | J69: 93760000 | M69: 0 | N69: 0
F70: 0 | G70: 0 | H70: 0 | I70: 0 | J70: 0 | M70: 0 | N70: 0
E71: ७. आरोग्य विभाग एकूण बेरीज | F71: 0 | G71: 1361462694 | H71: 1361462694 | I71: 998002694 | J71: 363460000 | M71: 651190000 | N71: 651190000
F72: 0 | G72: 0 | H72: 0 | I72: 0 | J72: 0 | M72: 0 | N72: 0
E73: ९. पथांची झाडलोट / घनकचरा व्यवस्थापन विभाग | F73: 0 | G73: 0 | H73: 0 | I73: 0 | J73: 0 | M73: 0 | N73: 0
A74: 1 | B74: CE19A111 | E74: आय एस ओ ९००१-२००० नुसार व्हिल बॅरो / सायकल रिक्षा /प्लॅस्टीक बकेट खरेदी करणे | F74: 0 | G74: 29151180 | H74: 29151180 | I74: 29151180 | J74: 0 | M74: 0 | N74: 0
A75: 2 | B75: CE19A112 | E75: घरोघरी जावुन कचरा गोळा करणे, कंटेनर मुक्त शहर करणे | F75: 0 | G75: 11247174 | H75: 11247174 | I75: 4047174 | J75: 7200000 | M75: 0 | N75: 0
A76: 3 | B76: CE19A116 | E76: विशेष निधी उरूळी देवाची/फुरसंगी डेपो परिसर कचरा डेपोवरील उर्वरित कचर्‍याचे नॉर्म्सप्रमाणे कॅपिंग करणे, व तद्‌नुषंगिक कामे करणे. | F76: 0 | G76: 812948146 | H76: 812948146 | I76: 596948146 | J76: 216000000 | M76: 50000000 | N76: 50000000
A77: 4 | B77: CE19A117 | E77: उरुळी देवाची/फुरसुंगी येथील कचरा डेपोच्या भोवती सिमाभिंत बांधणे. | F77: 0 | G77: 40374184 | H77: 40374184 | I77: 36774184 | J77: 3600000 | M77: 0 | N77: 0
A78: 5 | B78: CE19A120 | E78: व्हर्मीकंपोस्ट पध्दतीचे प्रक्रिया प्रकल्प उभारणे. | F78: 0 | G78: 151900657 | H78: 151900657 | I78: 148300657 | J78: 3600000 | M78: 0 | N78: 0
A79: 6 | B79: CE19A121 | E79: विकेंद्रित पध्दतीने कचरा प्रक्रिया प्रकल्प उभारणे व तदनुषंगिक कामे करणे. | F79: 0 | G79: 38084198 | H79: 38084198 | I79: 30884198 | J79: 7200000 | M79: 0 | N79: 0
A80: 7 | B80: CE19A122 | E80: कचरा प्रक्रिया प्रकल्पासाठी जागा ताब्यात घेणे, कंपाउंड करणे, रस्ते करणे व तदनुषंगिक कामे करणे. | F80: 0 | G80: 42887916 | H80: 42887916 | I80: 39287916 | J80: 3600000 | M80: 35000000 | N80: 35000000
A81: 8 | B81: CE19A123 | E81: ताब्यात येणार्‍या जागांवर प्रक्रिया प्रकल्प उभारणे, प्रकल्पांसाठी आवश्यक सुविधा विषयक कामे करणे इत्यादी. | F81: 0 | G81: 111487078 | H81: 111487078 | I81: 97087078 | J81: 14400000 | M81: 35000000 | N81: 35000000
A82: 9 | B82: CE19A139 | E82: उरुळी देवाची/फुरसंगी येथील गावांमध्ये विविध विकास कामे करणे | F82: 0 | G82: 331134356 | H82: 331134356 | I82: 251134356 | J82: 80000000 | M82: 49000000 | N82: 49000000
A83: 10 | B83: CE19A140 | E83: कचरा गोळा करणेसाठी घंटागाडया खरेदी करणे. | F83: 0 | G83: 71259399 | H83: 71259399 | I83: 49659399 | J83: 21600000 | M83: 0 | N83: 0
A84: 11 | B84: CE19A141 | E84: घनकचरा व्यवस्थापनकडील कचरागाडया, बंदिस्त करणे विविध रॅम्प बंदिस्त करणे व कॉक्रीट करणे. | F84: 0 | G84: 49103879 | H84: 49103879 | I84: 41903879 | J84: 7200000 | M84: 42000000 | N84: 42000000
A85: 12 | B85: CE19A142 | E85: विकेंद्रीत पध्दतीने विविध ठीकाणी बायोगॅस प्रकल्प / मेकॅनिकल कंपोस्टींग पध्दतीचे ५ टन क्षमते पर्यंतचे प्रकल्प उभारणे | F85: 0 | G85: 162764923 | H85: 162764923 | I85: 133964923 | J85: 28800000 | M85: 0 | N85: 0
... A98: 25 | B98: CE19A164 | E98: कोथरूड भागासाठी १५० टन क्षमतेचा कचरा प्रक्रिया प्रकल्प राबविणे | F98: 0 | G98: 16000000 | H98: 16000000 | I98: 0 | J98: 16000000 | M98: 0 | N98: 0
A99: 26 | B99: CE19A165 | C99: 18 | E99: प्रभाग क्र. १८ व वडगाव शेरी परिसरामध्ये विविध ठिकाणी कचरा साठवणुकीसाठी बकेट्‌स पुरविणे | F99: 0 | G99: 1600000 | H99: 1600000 | I99: 0 | J99: 1600000 | M99: 0 | N99: 0
A100: 27 | B100: CE19A166 | C100: 63 | E100: प्रभाग क्र. ६३, स.नं. ४ याठिकाणी पुणे मनपाच्या ताब्यात असलेल्या जागेत प्रभागातील कचर्‍यावर आधुनिक पद्धतीने प्रक्रिया करण्यासाठी बायोगॅस प्लान्ट उभारणे | F100: 0 | G100: 16000000 | H100: 16000000 | I100: 0 | J100: 16000000 | M100: 0 | N100: 0
A101: 28 | B101: CE19A167 | C101: 11 | E101: प्रभाग क्र. ११, गोखलेनगर मधील मुतार्‍या स्वच्छ करण्यासाठी वॉटर प्रेशर व्हेईकल घेणे. (टाटा एसीई गाडी घेऊन मशिनरी बसविणे) | F101: 0 | G101: 800000 | H101: 800000 | I101: 0 | J101: 800000 | M101: 0 | N101: 0
A102: 29 | B102: CE19A168 | E102: पुणे मनपाच्या अस्तित्वातील कचरा हस्तांतर केंद्र व हजेरीकोठ्‌या व विविध प्रकल्प याठिकाणी सेवकांसाठी सुविधा पुरविणे व बांधकामासाठी देखभाल दुरूस्ती करणे | F102: 0 | G102: 0 | H102: 0 | I102: 0 | J102: 0 | M102: 7000000 | N102: 7000000
A103: 30 | B103: CE19A169 | E103: स्वच्छ भारत अभियान अंतर्गत मनपाचा हिस्सा | F103: 0 | G103: 0 | H103: 0 | I103: 0 | J103: 0 | M103: 70000000 | N103: 70000000
F104: 0 | G104: 0 | H104: 0 | I104: 0 | J104: 0 | M104: 0 | N104: 0
E105: ९. पथांची झाडलोट / घनकचरा व्यवस्थापन विभाग एकूण बेरीज | F105: 0 | G105: 2817831002 | H105: 2817831002 | I105: 1644471002 | J105: 1173360000 | M105: 538600000 | N105: 538600000
F106: 0 | G106: 0 | H106: 0 | I106: 0 | J106: 0 | M106: 0 | N106: 0
E107: १०क. पथ सुधारणा | F107: 0 | G107: 0 | H107: 0 | I107: 0 | J107: 0 | M107: 0 | N107: 0
A108: 1 | B108: CE20A102# | E108: शहरातील रस्ते डांबरीकरणाने विकसित करणे | F108: 11538000 | G108: 4012372860 | H108: 4023910860 | I108: 2840049260 | J108: 1183861600 | M108: 952130000 | N108: 952130000
A109: 2 | B109: CE20A103# | E109: शहरातील फूटपाथ विकसित करणे | F109: 0 | G109: 1305358785 | H109: 1305358785 | I109: 982538785 | J109: 322820000 | M109: 706500000 | N109: 706500000
A110: 3 | B110: CE20A819# | E110: शहरात निरनिराळ्या ठिकाणी रस्ते डांबरी करणे व तद्‌नुषंगिक कामे करणे | F110: 0 | G110: 4822095220 | H110: 4822095220 | I110: 3714895220 | J110: 1107200000 | M110: 0 | N110: 0
A111: 4 | B111: CE20A883# | E111: शहरात विविध ठिकाणी गल्लीबोळ सिमेंट काँक्रीट करणे | F111: 0 | G111: 3562003383 | H111: 3562003383 | I111: 1987003383 | J111: 1575000000 | M111: 0 | N111: 0
A112: 5 | B112: CE20A884# | E112: शहरात विविध विकासाची कामे करणे | F112: 0 | G112: 983531642 | H112: 983531642 | I112: 418031642 | J112: 565500000 | M112: 172500000 | N112: 172500000
A113: 6 | B113: CE20A1195# | E113: पावसाळी लाईन टाकणे | F113: 0 | G113: 716981386 | H113: 716981386 | I113: 539461386 | J113: 177520000 | M113: 0 | N113: 0
A114: 7 | B114: CE20A1242 | C114: G | E114: मुंढवा स.नं. ८९ व ७१ दरम्यानचे पुणे सोलापूर रेल्वले लाईनवर २४ मी. एच.सी.एम.टी.आर. साठी रेल्वे ओलांडणी पूल बांधणे. | F114: 0 | G114: 24612901 | H114: 24612901 | I114: 24612901 | J114: 0 | M114: 0 | N114: 0 | O114: 150000000
A115: 8 | B115: CE20A1243 | C115: 1 | E115: वॉर्ड क्र. १ मधील लोहगाव धानोरी हद्दीवरील रस्ता विकसीत करणे. | F115: 0 | G115: 16253384 | H115: 16253384 | I115: 16253384 | J115: 0 | M115: 0 | N115: 0 | O115: 180000000
A116: 9 | B116: CE20A1249# | E116: शहरामधील रस्ते विकसित करणे | F116: 0 | G116: 128201891 | H116: 128201891 | I116: 128201891 | J116: 0 | M116: 884200000 | N116: 884200000
A117: 25 | B117: CE20A1250# | E117: पुणे शहरात सी.एम.पी. आराखड्यानुसार (PPP / Development TDR / Deffered payment / Premium charges) अन्वये प्रशासकीय मुल्यमापनानुसार प्रत्यक्ष अंमलबजावणी करून कामे करणे | F117: 0 | G117: 0 | H117: 0 | I117: 0 | J117: 0 | M117: 1000000 | N117: 1000000
A118: 10 | B118: CE20A1252 | E118: एच.सी.एम.टी.आर.जागा ताब्यात घेऊन रोड पूर्ण करणे | F118: 0 | G118: 56408862 | H118: 56408862 | I118: 56408862 | J118: 0 | M118: 0 | N118: 0 | O118: 8000000000
A119: 11 | B119: CE20A1259# | E119: शहरातील रस्ते पुनर्डांबरीकरण करणे | F119: 0 | G119: 231847257 | H119: 231847257 | I119: 231847257 | J119: 0 | M119: 326200000 | N119: 326200000
...

Sheet LandAcquisition
A1: सन 2016-17 चे अंदाजपत्रक - खास निधीतून करावयाची योजनांतर्गत कामे
A2: अनुक्रमांक | C2: कामाचे नाव | D2: मान्य अंदाज 2015-16 | E2: नवीन अंदाज 2016-17
A7: (अ) | C7: भूमी संपादन निधीतून करावयाचा खर्च | D7: 0 | E7: 0
D8: 0 | E8: 0
A9: 1 | B9: FE11A101 | C9: भूमी संपादन विशेष अधिकारी यांचा कार्यालयीन खर्च - | D9: 36000000 | E9: 35000000
A10: 2 | C10: कोर्टाच्या निकालानुसार वाढीव नुकसानभरपाई कोर्ट खर्च, वकील फी, जॉइन्ट जज्ज यांचा खर्च वगैरे | D10: 0 | E10: 0
A11: 3 | C11: भूमी संपादन अधिनियमात नव्याने केलेल्या दुरुस्तीमुळे यापूर्वी जाहीर झालेल्या योजनापोटी ावयाच्या वाढीव रकमेचा खर्च | D11: 0 | E11: 0
A12: 4 | C12: परचेस नोटीसांमुळे (नवीन) पाठवावयाच्या भूमी संपादन योजनांसाठी तरतूद | D12: 0 | E12: 0
A13: 5 | C13: ताब्यात घेतलेल्या मिळकती पाडणे, ड्रेनेज, वॉटर, इलेक्ट्रीक टेलिफोन वगैरे कनेक्शन्स हलविणे, जोडणे व इतर तद्‌नुषंगिक कामे करणे. | D13: 0 | E13: 0
A14: 6 | C14: कार्यालयीन कामासाठी साधने, डेडस्टॉक वस्तू खरेदी करणे, हत्यारे खरेदी करणे, कार्यालय व कोठीची दुरुस्ती करणे, आवश्यक सुधारणा करणे, प्रकटन खर्च, प्रवास खर्च वगैर | D14: 0 | E14: 0
A15: 7 | C15: मुंबई प्रांतिक मनपा अधिनियम १९४९ च्या कलम २१३ अन्वये रस्तारूंदीसाठी ताब्यात घेतलेल्या मोकळ्या जागा व त्याप्रित्यर्थ ावयाची नुकसानभरपाईची रक्कम | D15: 0 | E15: 0
A16: 8 | C16: इतर योजनांमधील मोजणी फी व इतर तद्‌नुषंगिक रक्कम | D16: 0 | E16: 0
A17: 9 | C17: भूमी संपादन अधिकारी ह्यांचेकडील खालील नमूद केलेल्या ज्या जागांचे निवाडे जाहीर करतील त्यासाठी रक्कम | D17: 0 | E17: 0
A18: 10 | C18: संगणक दुरूस्ती व आवश्यक साहित्य | D18: 0 | E18: 0
D19: 0 | E19: 0
C20: (अ) बेरीज | D20: 36000000 | E20: 35000000
D21: 0 | E21: 0
D22: 0 | E22: 0
B23: FE11A102 | C23: भूसंपादनासाठी आवश्यक जागांची यादी :- | D23: 504000000 | E23: 4.9e+08
D24: 0 | E24: 0
C25: सी.वाय.जी अंतर्गत रस्ते : | D25: 0 | E25: 0
C26: बाणेर मुख्य रस्ता २६१ ते १०५ | D26: 0 | E26: 0
C27: बाणेर स.क्र. १३३ ते बालेवाडी स.क्र. १० बालेवाडीकडे जाणारा रस्ता मुख्य रस्ता (बालेवाडी) | D27: 0 | E27: 0
C28: बालेवाडी स.क्र. ३४, ३५ जी१ गार्डनचे आरक्षण | D28: 0 | E28: 0
C29: बाणेर स.क्र. २८, २९० जी२ गार्डनचे आरक्षण व बाणेर स.क्र. ३५ जी३ गार्डनचे आरक्षण | D29: 0 | E29: 0
C30: कल्याणीनगर जंक्शन ते आळंदी रोड | D30: 0 | E30: 0
C31: बाणेर स.क्र. १०५, १०६, ११०, १११ पीएमटी१ | D31: 0 | E31: 0
C32: बाणेर स.क्र. ३३ पी.३ | D32: 0 | E32: 0
C33: बाणेर स.क्र. १०० पी.४ | D33: 0 | E33: 0
C34: बाणेर स.क्र. १७४ पी.४ | D34: 0 | E34: 0
C35: बाणेर स.क्र. ७९ पी.६ | D35: 0 | E35: 0
C36: बाणेर स.क्र. १०५, १०६ पी.७ पार्किंगचे आरक्षण | D36: 0 | E36: 0
... C42: एअरपोर्ट रोड ते डेक्कन कॉलेज व्हाया हॉटमिक्स प्लँट | D42: 0 | E42: 0
D43: 0 | E43: 0
C44: जेएनएनयुआरएम / बीआरटी अंतर्गत रस्ते : | D44: 0 | E44: 0
C45: बाणेर स.क्र. १०७, १०८ व ११० मधून जाणारा १८ मी. रस्ता. | D45: 0 | E45: 0
C46: मौजे खराडी ता. हवेली, संगमवाडी ते खराडी २४ मी. नदीकाठचा डी.पी. रस्ता | D46: 0 | E46: 0
C47: मौजे वडगांव शेरी ता. हवेली, संगमवाडी ते खराडी २४ मी. नदीकाठचा डी.पी. रस्ता | D47: 0 | E47: 0
C48: सिंहगड रस्ता महानगरपालिका हद्द दरम्यान नियोजनाते विकसीत करणे (वडगांव बुद्रुक) | D48: 0 | E48: 0
C49: सिंहगड रस्ता महानगरपालिका हद्द दरम्यान नियोजनाते विकसीत करणे (वडगांव खुर्द) | D49: 0 | E49: 0
C50: विश्रांतवाडी ते धानोरी | D50: 0 | E50: 0
C51: संचेती हॉस्पिटल ते गव्हर्नमेंट पोल्ट्री फार्म | D51: 0 | E51: 0
C52: पुणे स्टेशन ते मनपा रोड (कॅनॉट रोड) | D52: 0 | E52: 0
D53: 0 | E53: 0
C54: आरआरडीपी अंतर्गत रस्ते : | D54: 0 | E54: 0
C55: मुळा नदिवरील पिंपळे निलेख यांना जोडणारा पुल रस्त्याचे भुसंपाद (बाणेर) | D55: 0 | E55: 0
C56: सुतारवाडी रस्ता २४ मी. (जुना) | D56: 0 | E56: 0
C57: कोथरूड एकलव्य कॉलेज ते हायवेपर्यंत मुख्य रस्ता (१५ मी. नवीन) | D57: 0 | E57: 0
C58: कोथरूड महात्मा सोसायटी एकलव्य कॉलेज ते हायवे परिसरातील डी.पी. रस्ते (१५ मी.) व ( १८ मी.) | D58: 0 | E58: 0
C59: बालभारती ते पौड फाटा रस्ता | D59: 0 | E59: 0
C60: वारजे जकातनाका ते नवीन अहिरे हद्द एन.डी.ए. रोड जुना जकातनाका ते हायवे व वारजे माळवाडी टेकडीपर्यंत | D60: 0 | E60: 0
C61: जे.पी. नाईक इन्स्टिटयुट ते गणंजय सोसायटी | D61: 0 | E61: 0
C62: अलंकार पोलीस चौकी गिरीजा शंकर सोसायटी पश्चिमानगरी ते नाईक पूल डी.पी. रस्ता | D62: 0 | E62: 0
C63: चांदणी चौक ते सुस चौक | D63: 0 | E63: 0
C64: सिंहगड रोड दोन्ही कॅनॉलवरील प्रस्तावित पुलासह (वडगांव बुद्रुक) | D64: 0 | E64: 0
C65: सुस रस्ता ते बाणेर रस्ता रामनदी कडेचा रस्ता (बाणेर) | D65: 0 | E65: 0
... C67: सुस रस्ता ते बाणेर रस्ता रामनदी कडेचा रस्ता या रस्त्याचे भूसंपादन करणेबाबत (पाषाण) | D67: 0 | E67: 0
D68: 0 | E68: 0
C69: भूसंपादनाची इतर प्रकरणे : | D69: 0 | E69: 0
C70: पुणेमुंबई रस्ता हॅरीस ब्रिज ते खडकी कॅन्टोन्मेंट | D70: 0 | E70: 0
C71: हडपसर स.नं. २२६, २२४, २६६, २११, २१०, २०९, २०८, २०७ पोस्ट ऑफीस बाजूने जाणारा १८ मी. डी. पी. रस्ता | D71: 0 | E71: 0
C72: हडपसर स. नं. ८७, ८९, ९२, ९३, १०६, ३१२, ३१४, ३१ पैकी डी. पी. रस्त्यासाठी | D72: 0 | E72: 0
C73: हडपसर स.नं. २५ ईडब्ल्यूएस पैकी जागा संपादन करणेबाबत | D73: 0 | E73: 0
C74: घोरपडी गाव अनंत टॉकीज ते श्रीवस्ती नगर १२ मी डी.पी. रस्ता | D74: 0 | E74: 0
C75: कोंढवा खु.॥ स.नं. ५अ, ५ ब हायस्कूलसाठी संपादन | D75: 0 | E75: 0
C76: कोंढवा खु.॥ स.नं. १७ पै. मुलांचे खेळाचे मैदानासाठी | D76: 0 | E76: 0
C77: पुणे, पेठ पाषाण स.नं. ११० (पै.) पार्क (उान) साठी संपादन | D77: 0 | E77: 0
C78: हडपसर स.नं. ८४ पैकी प्ले ग्राऊंड साठी संपादन | D78: 0 | E78: 0
C79: वानवडी स.नं. ४९, ५८, ५९ | D79: 0 | E79: 0
C80: नाना पेठ, सि.सं. नं. ४०५ पै. उानासाठी आरक्षित जागा संपादन करणे | D80: 0 | E80: 0
... C95: हिंगणे / कर्वेनगर स.नं. ४० हायस्कूलसाठी | D95: 0 | E95: 0
D96: 0 | E96: 0
D97: 0 | E97: 0
C98: जाहीर झालेल्या निवाड्यापोटी भरण्याची रक्कम | D98: 0 | E98: 0
A99: 1 | C99: कर्वे रस्तारूंद जाहीर झालेल्या निवाड्यापोटी राहीलेली भरावयाची रक्कम | D99: 0 | E99: 0
A100: 2 | C100: सदाशिव पेठ घरांक ४६८ पार्किंगसाठी संपादन करणे | D100: 0 | E100: 0
D101: 0 | E101: 0
D102: 0 | E102: 0
C103: भूमिप्रापण खाते :- | D103: 0 | E103: 0
A104: 1 | C104: केळकर रस्ता (मंदार लॉज ते नारायण पेठ पोलीस चौकी) | D104: 0 | E104: 0
A105: 2 | C105: म्हात्रे पूल ते छत्रपती राजाराम पूल दरम्यानच्या नदीकाठचा १००'' डी.पी. रस्ता | D105: 0 | E105: 0
A106: 3 | C106: सातारा रस्ता | D106: 0 | E106: 0
A107: 4 | C107: सिंहगड रस्ता | D107: 0 | E107: 0
A108: 5 | C108: जंगली महाराज रस्ता | D108: 0 | E108: 0
A109: 6 | C109: पवित्र मंगल कार्यालया, पर्वती (सातारा रस्ता) | D109: 0 | E109: 0
A110: 7 | C110: नेहरू रस्ता, रास्ता पेठ पॉवर हाऊस ते लक्ष्मी रस्ता | D110: 0 | E110: 0
A111: 8 | C111: कर्वे रस्ता (खंडूजीबाबा चौक ते एस.एन.डी.टी.) | D111: 0 | E111: 0
A112: 9 | C112: शंकरशेठ रस्ता | D112: 0 | E112: 0
A113: 10 | C113: सेनापती बापट रस्ता | D113: 0 | E113: 0
A114: 11 | C114: उंबर्‍या गणपती चौक ते खुन्या मुरलीधर रस्ता | D114: 0 | E114: 0
A115: 12 | C115: भाऊ महाराज बोळ | D115: 0 | E115: 0
... A121: 18 | C121: रामवाडी जकातनाका ते लोहगाव विमानतळ | D121: 0 | E121: 0
D122: 0 | E122: 0
C123: जकात नाका :- | D123: 0 | E123: 0
A124: 1 | C124: शिंदेवाडी, स.नं. १०० ते १०६ (पैकी) | D124: 0 | E124: 0
A125: 2 | C125: फुरसुंगी, स.नं. १७५ पैकी | D125: 0 | E125: 0
A126: 3 | C126: वाघोली, गट नं. २३७८, २३७९ | D126: 0 | E126: 0
A127: 4 | C127: बावधन खुर्द, स.नं. ६४ | D127: 0 | E127: 0
A128: 5 | C128: हडपसर, स.नं. ६३ पैकी | D128: 0 | E128: 0
A129: 6 | C129: उंड्री, स.नं. ५४ पैकी | D129: 0 | E129: 0
...

Sheet SpecialFund
A1: सन 2016-17 चे उपनगरे विकास निधीचे | I1: योजनांतर्गत खर्चाबाबतचे अंदाजपत्रक
A2: अनुक्रमांक | B2: मान्यतेचा ठराव क्र. दिनांक (कोड) | C2: प्रभाग क्रमांक | D2: BPL | E2: कामाचे नाव अगर वर्णन | F2: दि. 31 मार्च 2016 अखेरपर्यंत केलेली तरतूद | I2: दि. 31 मार्च 2014 पर्यंतचा खर्चाचा नक्‍की आकडा | J2: 2014-15 मधील खर्चाचा नक्‍की आकडा | K2: 2015-16 मधील खर्चाची अंदाजी रक्‍कम | L2: 2016-17 साठी अधिक तरतूद | N2: 2016-17 साठी एकूण तरतूद | O2: शेरा
F3: कर्जातून | G3: महसूल निधीतून | H3: एकूण | L3: कर्जातून | M3: महसूल निधी व इतर निधी
E11: ४. झोपडपट्टी निर्मूलन व पुनर्वसन निधीतून करावयाची कामे | F11: 0 | G11: 0 | H11: 0 | I11: 0 | J11: 0 | K11: 0 | M11: 0 | N11: 0
A12: 1 | B12: FE14A101# | D12: B | E12: निरनिराळ्या झोपडपट्टींमध्ये विविध विकासाची कामे करणे | F12: 33377000 | G12: 1252004249 | H12: 1285381249 | I12: 886586887 | J12: 99994362 | K12: 298800000 | M12: 375000000 | N12: 375000000
A13: 2 | B13: FE14A104 | D13: B | E13: झो.नि.पु. अंतर्गत करावयाची कामे | F13: 0 | G13: 196669858 | H13: 196669858 | I13: 188695199 | J13: 1974659 | K13: 6000000 | M13: 10500000 | N13: 10500000
A14: 3 | B14: FE14A105# | D14: B | E14: सुलभ पद्धतीची शौच्छालये बांधणे | F14: 0 | G14: 1066597075 | H14: 1066597075 | I14: 776879569 | J14: 94717506 | K14: 195000000 | M14: 212000000 | N14: 212000000
A15: 4 | B15: FE14A107 | D15: B | E15: दलित वस्ती सुधारणा अंतर्गत कामे करणे | F15: 0 | G15: 164657962 | H15: 164657962 | I15: 121183811 | J15: 2474151 | K15: 41000000 | M15: 75180000 | N15: 75180000
A16: 5 | B16: FE14A129 | D16: PL | E16: सार्वजनिक ठिकाणी शौचालय बांधणे | F16: 0 | G16: 34030200 | H16: 34030200 | I16: 17926211 | J16: 4103989 | K16: 12000000 | M16: 10500000 | N16: 10500000
A17: 6 | B17: FE14A130 | D17: PL | E17: सार्वजनिक ठिकाणी मुतार्‍या बांधणे | F17: 0 | G17: 22952631 | H17: 22952631 | I17: 8833045 | J17: 2119586 | K17: 12000000 | M17: 10500000 | N17: 10500000
A18: 7 | B18: FE14A131 | C18: 71 | E18: प्रभाग क्र. ७१ गंगाधाम चौक, नविन डी.पी. रस्ता सुलभ स्वच्छतागृह बांधणे | F18: 0 | G18: 2000000 | H18: 2000000 | I18: 0 | J18: 0 | K18: 2000000 | M18: 0 | N18: 0
A19: 8 | B19: FE14A132 | C19: 18 | E19: प्रभाग क्र. १८ व वडगाव शेरी परिसरामध्ये विविध ठिकाणी स्वच्छतागृह बांधणे | F19: 0 | G19: 1600000 | H19: 1600000 | I19: 0 | J19: 0 | K19: 1600000 | M19: 0 | N19: 0
A20: 9 | B20: FE14A133 | C20: 60 | E20: प्र. क्र. ६० मधील पी.एम.सी. कॉलनीजवळील अस्तित्वातील शौचालयाचे नूतनीकरण करणे व नवीन शौचालय बांधणे. | F20: 0 | G20: 1200000 | H20: 1200000 | I20: 0 | J20: 0 | K20: 1200000 | M20: 0 | N20: 0
F21: 0 | G21: 0 | H21: 0 | I21: 0 | J21: 0 | K21: 0 | M21: 0 | N21: 0
E22: ४. झोपडपट्टी निर्मूलन व पुनर्वसन निधीतून करावयाची कामे बेरीज | F22: 33377000 | G22: 2742905025 | H22: 2776282025 | I22: 2000104722 | J22: 206577303 | K22: 569600000 | M22: 693680000 | N22: 693680000
F23: 0 | G23: 0 | H23: 0 | I23: 0 | J23: 0 | K23: 0 | M23: 0 | N23: 0
E24: क्षेत्रिय कार्यालयाने करावयाची कामे :- | F24: 0 | G24: 0 | H24: 0 | I24: 0 | J24: 0 | K24: 0 | M24: 0 | N24: 0
F25: 0 | G25: 0 | H25: 0 | I25: 0 | J25: 0 | K25: 0 | M25: 0 | N25: 0
A26: • | B26: FE14A118# | C26: W5 | D26: B | E26: क्षेत्रिय कार्यालय : झो.नि.पु. विभागाने करावयाची कामे | F26: 0 | G26: 213253229 | H26: 213253229 | I26: 188875207 | J26: 9792022 | K26: 14586000 | M26: 3500000 | N26: 3500000
A27: • | B27: FE14A121# | C27: C5 | D27: B | E27: क्षेत्रिय कार्यालय : नागरिकांच्या सहभाग योजनेतून झो.नि.पु. विभागाने करावयाची कामे | F27: 0 | G27: 128632254 | H27: 128632254 | I27: 128653723 | J27: 2164531 | K27: -2186000 | M27: 7140000 | N27: 7140000
F28: 0 | G28: 0 | H28: 0 | I28: 0 | J28: 0 | K28: 0 | M28: 0 | N28: 0
E29: क्षेत्रिय कार्यालयाने करावयाची कामे एकूण बेरीज | F29: 0 | G29: 341885483 | H29: 341885483 | I29: 317528930 | J29: 11956553 | K29: 12400000 | M29: 10640000 | N29: 10640000
F30: 0 | G30: 0 | H30: 0 | I30: 0 | J30: 0 | K30: 0 | M30: 0 | N30: 0
E31: ४. झोपडपट्टी निर्मूलन व पुनर्वसन निधीतून करावयाची कामे + क्षेत्रिय कार्यालयाने करावयाची कामे एकूण बेरीज | F31: 33377000 | G31: 3084790508 | H31: 3118167508 | I31: 2317633652 | J31: 218533856 | K31: 582000000 | M31: 704320000 | N31: 704320000
F32: 0 | G32: 0 | H32: 0 | I32: 0 | J32: 0 | K32: 0 | M32: 0 | N32: 0
E33: ४अ. मागासवर्गीय कल्याणकारी योजना निधी | F33: 0 | G33: 0 | H33: 0 | I33: 0 | J33: 0 | K33: 0 | M33: 0 | N33: 0
A34: 1 | B34: FE14B101 | D34: B | E34: यू.सी.डी. अंतर्गत मागासवर्गीय योजना | F34: 0 | G34: 364459481 | H34: 364459481 | I34: 303039214 | J34: 29420267 | K34: 32000000 | M34: 35000000 | N34: 35000000
A35: 2 | B35: FE14B112 | D35: B | E35: लोकशाहीर अण्णाभाऊ साठे शैक्षणिक मदत योजना | F35: 0 | G35: 166342082 | H35: 166342082 | I35: 61753600 | J35: 18588482 | K35: 86000000 | M35: 0 | N35: 0
A36: 3 | B36: FE14B113 | D36: B | E36: मौ. अबुल कलाम आझाद शैक्षणिक मदत योजना | F36: 0 | G36: 251748546 | H36: 251748546 | I36: 118000064 | J36: 47748482 | K36: 86000000 | M36: 0 | N36: 0
A37: 4 | B37: FE14B121 | D37: B | E37: मागासवर्गीय विद्यार्थ्यांना स्पर्धा परिक्षा मार्गदर्शन केंद्र चालविणे | F37: 0 | G37: 4923784 | H37: 4923784 | I37: 1612396 | J37: 1711388 | K37: 1600000 | M37: 2000000 | N37: 2000000
A38: 5 | B38: FE14B122 | D38: B | E38: बालविकास केंद्र व वस्ती रिसोर्स सेंटर सुरू करणे | F38: 0 | G38: 6660140 | H38: 6660140 | I38: 2397374 | J38: 1462766 | K38: 2800000 | M38: 2800000 | N38: 2800000
A39: 6 | B39: FE14B123 | D39: B | E39: मागासवर्गीय कल्याणकारी योजनेअंतर्गत विविध योजना राबविणेसाठी मानधन तत्वावरील सेवकांचा मानधन खर्च | F39: 0 | G39: 16076688 | H39: 16076688 | I39: 10070854 | J39: 2805834 | K39: 3200000 | M39: 3500000 | N39: 3500000
A40: 7 | B40: FE14B126 | E40: बार्टीचे ४ केंद्र सुरू करणे (कोथरूड, सहकारनगर, शिवाजीनगर, भवानीपेठ) | F40: 0 | G40: 4000000 | H40: 4000000 | I40: 0 | J40: 0 | K40: 4000000 | M40: 2000000 | N40: 2000000
A41: 8 | B41: FE14B127 | E41: डॉ.बाबासाहेब आंबेडकर यांच्या 125 व्या जयंती निमित्त माता रमार्इ भिमराव आंबेडकर योजनेअंतर्गत गवनि घोषीत व शहरी गरीब योजनेतील पात्र ठरणाऱ्या विधवा, निराधार महिलांसाठी दरमहा रू.1000/- अर्थसहाय्य करणे (मागासवर्गीय कल्याणकारी योजना) | M41: 40000000 | N41: 40000000
F42: 0 | G42: 0 | H42: 0 | I42: 0 | J42: 0 | K42: 0 | M42: 0 | N42: 0
E43: ४अ. मागासवर्गीय कल्याणकारी योजना निधी बेरीज | F43: 0 | G43: 814210721 | H43: 814210721 | I43: 496873502 | J43: 101737219 | K43: 215600000 | M43: 85300000 | N43: 85300000
F44: 0 | G44: 0 | H44: 0 | I44: 0 | J44: 0 | K44: 0 | M44: 0 | N44: 0
E45: ४ब. महिलाबालकल्याण योजना निधी | F45: 0 | G45: 0 | H45: 0 | I45: 0 | J45: 0 | K45: 0 | M45: 0 | N45: 0
A46: 1 | B46: FE14C101 | D46: PL | E46: महिलाबालकल्याण योजना | F46: 0 | G46: 319232829 | H46: 319232829 | I46: 263262945 | J46: 23969884 | K46: 32000000 | M46: 34000000 | N46: 34000000
A47: 2 | B47: FE14C108 | D47: PL | E47: महिला सक्षमिकरणासाठी अनुदानाची योजना | F47: 0 | G47: 134663020 | H47: 134663020 | I47: 110968139 | J47: 7694881 | K47: 16000000 | M47: 15000000 | N47: 15000000
A48: 3 | B48: FE14C116 | C48: 123 | D48: PL | E48: बचत गटाच्या शिखर संस्थेचा व्यवस्थापन खर्च | F48: 0 | G48: 13478733 | H48: 13478733 | I48: 10725383 | J48: 1553350 | K48: 1200000 | M48: 1000000 | N48: 1000000
A49: 4 | B49: FE14C117 | D49: PL | E49: बचत गटातील महिलांना कुटुंबनियोजनासाठी प्रोत्साहन | F49: 0 | G49: 3036160 | H49: 3036160 | I49: 1646160 | J49: 750000 | K49: 640000 | M49: 650000 | N49: 650000
A50: 5 | B50: FE14C118 | D50: PL | E50: नागरवस्तीच्या वापरातील समाजमंदिरे / इतर वास्तूंच्या विद्युत बिलांसाठी | F50: 0 | G50: 4140360 | H50: 4140360 | I50: 2941890 | J50: 398470 | K50: 800000 | M50: 1200000 | N50: 1200000
A51: 14 | B51: FE14C125# | D51: PL | E51: महिलाबाल कल्याण योजना अंतर्गत करावयाची कामे | F51: 0 | G51: 0 | H51: 0 | I51: 0 | J51: 0 | K51: 0 | M51: 282000000 | N51: 282000000
A52: 6 | B52: FE14C134 | D52: PL | E52: रस्त्यांवरील मुलांसाठी घरटे प्रकल्प | F52: 0 | G52: 47796621 | H52: 47796621 | I52: 32257836 | J52: 5938785 | K52: 9600000 | M52: 10000000 | N52: 10000000
A53: 7 | B53: FE14C135 | D53: PL | E53: कन्यारत्न योजना | F53: 0 | G53: 984000 | H53: 984000 | I53: 618000 | J53: 126000 | K53: 240000 | M53: 300000 | N53: 300000
A54: 8 | B54: FE14C136 | D54: PL | E54: कागदी पिशव्या तयार करणार्‍या बचत गटांना अनुदान | F54: 0 | G54: 1820610 | H54: 1820610 | I54: 1500610 | J54: 0 | K54: 320000 | M54: 200000 | N54: 200000
A55: 9 | B55: FE14C138 | D55: PL | E55: राणी लक्ष्मीबाई महिला औोगिक प्रशिक्षण संस्था पुणे मनपा संयुक्त प्रकल्पा अंतर्गत मुलभूत सुविधा करणे | F55: 0 | G55: 7901055 | H55: 7901055 | I55: 5582745 | J55: 318310 | K55: 2000000 | M55: 0 | N55: 0
A56: 10 | B56: FE14C139 | D56: PL | E56: युसीडी मार्फत राबविल्या जाणार्‍या निरनिराळया उपक्रमासाठी लागणारा खर्च स्वयंरोजगार, प्रशिक्षण, साहित्य खरेदी इ. | F56: 0 | G56: 5350403 | H56: 5350403 | I56: 778909 | J56: 1771494 | K56: 2800000 | M56: 3000000 | N56: 3000000
A57: 11 | B57: FE14C140 | D57: PL | E57: पाळणाघर | F57: 0 | G57: 2130121 | H57: 2130121 | I57: 366052 | J57: 164069 | K57: 1600000 | M57: 1700000 | N57: 1700000
A58: 12 | B58: FE14C142 | D58: PL | E58: शेजार समुहगट व इतर महिलांसाठी विविध कल्याणकारी योजना, बाल विकास केंद्र, स्वच्छ झोपडपट्टी स्पर्धा, आरोग्य विषयक शिबीरे, झोपडपट्टीत उत्कृष्ट काम करणार्‍या व्यक्ती व संस्था याना पारितोषिक देणे महिला व बालके यांचेसाठी स्पर्धा घेणे इ. | F58: 0 | G58: 2757518 | H58: 2757518 | I58: 999248 | J58: 798270 | K58: 960000 | M58: 1000000 | N58: 1000000
A59: 13 | B59: FE14C143 | D59: PL | E59: महिला व बाल कल्याण योजनेअंतर्गत विविध योजना राबविणेसाठी मानधन तत्वावरील सेवकांचा मानधन खर्च | F59: 0 | G59: 7218502 | H59: 7218502 | I59: 4038290 | J59: 1580212 | K59: 1600000 | M59: 1800000 | N59: 1800000
A60: 14 | B60: FE14C146 | D60: PL | E60: बालवाडी पोषण आहार | F60: 0 | G60: 68294208 | H60: 68294208 | I60: 25302874 | J60: 22991334 | K60: 20000000 | M60: 19000000 | N60: 19000000
... A70: 24 | B70: FE14C193 | D70: PL | E70: अनैतिक व्यवसायात गुंतलेल्या महिलांच्या मुलांसाठी शैक्षणिक अर्थसहाय्य व समुपदेशक केंद्र खर्च | F70: 0 | G70: 1600000 | H70: 1600000 | I70: 0 | J70: 0 | K70: 1600000 | M70: 1000000 | N70: 1000000
A71: 25 | B71: FE14C194 | C71: 3A | D71: PL | E71: प्र.क्र.३ अ महिला प्रशिक्षण केंद्र उभारणे | F71: 0 | G71: 2000000 | H71: 2000000 | I71: 0 | J71: 0 | K71: 2000000 | M71: 0 | N71: 0
A72: 26 | B72: FE14C195 | C72: 3A | D72: PL | E72: प्र.क्र.३ अ शिलाई मशिन खरेदी करणे | F72: 0 | G72: 500000 | H72: 500000 | I72: 0 | J72: 0 | K72: 500000 | M72: 0 | N72: 0
A73: 27 | B73: FE14C196 | C73: 12A | D73: PL | E73: प्र.क्र. १२ अ मध्ये महिला बचत गटांना शिलाई मशिन्सचे वाटप करणे | F73: 0 | G73: 1000000 | H73: 1000000 | I73: 0 | J73: 0 | K73: 1000000 | M73: 0 | N73: 0
A74: 28 | B74: FE14C197 | C74: 22~ | D74: PL | E74: प्रभाग क्र.२२ ब मध्ये महिलांना रोजगारासाठी प्रशिक्षण देण्याकरीता विविध वस्तुंचा पुरवठा करणे | F74: 0 | G74: 500000 | H74: 500000 | I74: 0 | J74: 0 | K74: 500000 | M74: 0 | N74: 0
A75: 29 | B75: FE14C198 | C75: 30~ | D75: PL | E75: प्रभाग क्र.३०ब, मध्ये महिला बचत गटासाठी मनपाच्या माध्यमातून साहित्य पुरविणे | F75: 0 | G75: 1000000 | H75: 1000000 | I75: 0 | J75: 0 | K75: 1000000 | M75: 0 | N75: 0
A76: 30 | B76: FE14C199 | C76: 31~ | D76: PL | E76: प्र.क्र.३१ ब लभडे गार्डन येथे महिला बचत गटाकरिता प्रशिक्षण केंद्र विकसित करणे | F76: 0 | G76: 1000000 | H76: 1000000 | I76: 0 | J76: 0 | K76: 1000000 | M76: 0 | N76: 0
A77: 31 | B77: FE14C200 | C77: 49~ | D77: PL | E77: प्रभाग क्र.४९ ब मध्ये रात्र निवारा प्रकल्प सुरू करणे. | F77: 0 | G77: 2500000 | H77: 2500000 | I77: 0 | J77: 0 | K77: 2500000 | M77: 0 | N77: 0
A78: 32 | B78: FE14C201 | C78: 51~ | D78: PL | E78: प्र.क्र.५१ ब नवी पेठ भागात महिलांसाठी बचतगट हॉल बांधणे (शाळा नं.१७ मध्ये) | F78: 0 | G78: 1000000 | H78: 1000000 | I78: 0 | J78: 0 | K78: 1000000 | M78: 0 | N78: 0
A79: 33 | B79: FE14C202 | C79: 57A | D79: PL | E79: प्रभाग क्र.५७ अ मधील महिला बचत गटांच्यासाठी महिला उद्योग केंद्र व प्रशिक्षण वर्गासाठी हॉल बांधणे | F79: 0 | G79: 1000000 | H79: 1000000 | I79: 0 | J79: 0 | K79: 1000000 | M79: 0 | N79: 0
A80: 34 | B80: FE14C203 | C80: 61A | D80: PL | E80: प्रभाग क्र.६१ अ शिलाई मशिन खरेदी करणे | F80: 0 | G80: 1000000 | H80: 1000000 | I80: 0 | J80: 0 | K80: 1000000 | M80: 0 | N80: 0
A81: 35 | B81: FE14C204 | C81: 65~ | D81: PL | E81: प्रभाग क्र.६५ ब मध्ये जिजाऊ मार्केटींग स्वारगेट येथील इमारती मधील दुरुस्ती करणे व उर्वरित कामे करणे. | F81: 0 | G81: 5000000 | H81: 5000000 | I81: 0 | J81: 0 | K81: 5000000 | M81: 0 | N81: 0
A82: 36 | B82: FE14C205 | C82: 65~ | D82: PL | E82: जिजाऊ संस्थेस साहित्य पुरविणे | F82: 0 | G82: 2000000 | H82: 2000000 | I82: 0 | J82: 0 | K82: 2000000 | M82: 0 | N82: 0
A83: 37 | B83: FE14C206 | D83: PL | E83: युवक युवतींसाठी कौशल्य विकास (स्कील डेव्हलपमेंट) प्रोग्राम राबविणे | F83: 0 | G83: 500000 | H83: 500000 | I83: 0 | J83: 0 | K83: 500000 | M83: 0 | N83: 0
A84: 38 | B84: FE14C207 | D84: PL | E84: बचत गटांच्या मार्फत कचरा जन जागृती सुरू करणे. | F84: 0 | G84: 2500000 | H84: 2500000 | I84: 0 | J84: 0 | K84: 2500000 | M84: 0 | N84: 0
F85: 0 | G85: 0 | H85: 0 | I85: 0 | J85: 0 | K85: 0 | M85: 0 | N85: 0
E86: ४ब. महिलाबालकल्याण योजना निधी बेरीज | F86: 0 | G86: 682595021 | H86: 682595021 | I86: 462919187 | J86: 76855834 | K86: 142820000 | M86: 396210000 | N86: 396210000
F87: 0 | G87: 0 | H87: 0 | I87: 0 | J87: 0 | K87: 0 | M87: 0 | N87: 0
F88: 0 | G88: 0 | H88: 0 | I88: 0 | J88: 0 | K88: 0 | M88: 0 | N88: 0
E89: ४क. युवक कल्याणकारी योजना निधी (नागरवस्ती विकास योजना) | F89: 0 | G89: 0 | H89: 0 | I89: 0 | J89: 0 | K89: 0 | M89: 0 | N89: 0
A90: 1 | B90: FE14D101 | D90: P | E90: शहरातील तरुणांसाठी स्वयंरोजगार व प्रशिक्षणासाठी अनुदान देणे | F90: 0 | G90: 85647841 | H90: 85647841 | I90: 59332041 | J90: 10315800 | K90: 16000000 | M90: 11200000 | N90: 11200000
A91: 2 | B91: FE14D118 | D91: P | E91: लोकशाहीर अण्णाभाऊ साठे शैक्षणिक मदत योजना व मौ. अब्दुल कलाम आझाद शैक्षणिक मदत योजना | F91: 0 | G91: 551255588 | H91: 551255588 | I91: 393392106 | J91: 117863482 | K91: 40000000 | M91: 70000000 | N91: 70000000
A92: 3 | B92: FE14D121 | E92: ज्येष्ठ नागरिकांसाठी विरंगुळा केंद्र सुरू करणे | F92: 0 | G92: 0 | H92: 0 | I92: 0 | J92: 0 | K92: 0 | M92: 2100000 | N92: 2100000
A93: 4 | B93: FE14D122 | E93: शहरात विविध ठिकाणी नाईट शेल्टर योजना राबविणे | F93: 0 | G93: 9684081 | H93: 9684081 | I93: 0 | J93: 1684081 | K93: 8000000 | M93: 5600000 | N93: 5600000
A94: 5 | B94: FE14D123 | D94: P | E94: प्रशिक्षण संस्थांतील शिक्षक व इतर कर्मचार्‍यांचे मानधन देणे | F94: 0 | G94: 3200000 | H94: 3200000 | I94: 0 | J94: 0 | K94: 3200000 | M94: 2450000 | N94: 2450000
A95: 6 | B95: FE14D124 | D95: P | E95: युवक / युवतींसाठी ग्रंथालय सुरू करणे (सावित्रीबाई फुले ग्रंथालय) | F95: 0 | G95: 2000000 | H95: 2000000 | I95: 0 | J95: 0 | K95: 2000000 | M95: 700000 | N95: 700000
A96: 7 | B96: FE14D125 | D96: P | E96: हॅलो माय फ्रेंड योजना राबविणे | F96: 0 | G96: 800000 | H96: 800000 | I96: 0 | J96: 0 | K96: 800000 | M96: 560000 | N96: 560000
A97: 8 | B97: FE14D126 | E97: नागरवस्ती विकास योजना विभागाच्या ताब्यात असणार्‍या जागेपोटी पीएमपीएमएल प्रशासनास भाडे देणे | F97: 0 | G97: 4800000 | H97: 4800000 | I97: 0 | J97: 0 | K97: 4800000 | M97: 0 | N97: 0
A98: 9 | B98: FE14D127 | E98: पुणे शहरात शिक्षणांसाठी येणार्‍या इतर राज्य व देशातील विार्थ्यांसाठी मदत व मार्गदर्शन केंद्र सुरू करणे (१५ क्षेत्रिय कार्यालय अंतर्गत) | F98: 0 | G98: 3000000 | H98: 3000000 | I98: 0 | J98: 0 | K98: 3000000 | M98: 0 | N98: 0
A99: 10 | B99: FE14D128 | E99: स्थानिक तसेच परराज्यातील व इतर देशातील आलेल्या विार्थ्याचे सांस्कृतिक कार्यक्रम आयोजित करणे. (सांस्कृतिक देवाणघेवाण करणे व सद्‌भावना निर्माण करणे) | F99: 0 | G99: 10000000 | H99: 10000000 | I99: 0 | J99: 0 | K99: 10000000 | M99: 0 | N99: 0
A100: 11 | B100: FE14D129 | E100: स्पर्धा परिक्षा मार्गदर्शन केंद्र चालविणे | F100: 0 | G100: 0 | H100: 0 | I100: 0 | J100: 0 | K100: 0 | M100: 700000 | N100: 700000
A101: 12 | B101: FE14D130 | E101: केंद्र व राज्य शासन यांनी विशेष प्राविण्य (राष्ट्रपती पदक, शौर्य पदक), स्वातंत्र सैनिक बस पासेस पोटी रक्‍कम पी.एम.पी. एम.एल.प्रशासनास अदा करणे | F101: 0 | G101: 0 | H101: 0 | I101: 0 | J101: 0 | K101: 0 | M101: 718200 | N101: 718200
A102: 13 | B102: FE14D131 | E102: लाव्हलीहुड अॅण्ड सिटीझन व्हॉलेंटरिंग सेंटर | F102: 0 | G102: 0 | H102: 0 | I102: 0 | J102: 0 | K102: 0 | M102: 3500000 | N102: 3500000
A103: 14 | B103: FE14D132 | E103: मुले व तरुणांमध्ये विज्ञानाचा उलगडा होण्यासाठी कार्यक्रम राबविणे | M103: 1000000 | N103: 1000000
A104: 15 | B104: FE14D133 | E104: शरद स्वावलंबी जीवन योजनेअंतर्गत गवनि घोषित व शहरी गरीब योजनेअंतर्गत ज्येष्ठ नागरिकांना (पुरुष) दरमहा र.रु. 1,000 अर्थसहाय्‌य देणे | M104: 40000000 | N104: 40000000
F105: 0 | G105: 0 | H105: 0 | I105: 0 | J105: 0 | K105: 0 | M105: 0 | N105: 0
E106: ४क. युवक कल्याणकारी योजना निधी बेरीज | F106: 0 | G106: 670387510 | H106: 670387510 | I106: 452724147 | J106: 129863363 | K106: 87800000 | M106: 138528200 | N106: 138528200
F107: 0 | G107: 0 | H107: 0 | I107: 0 | J107: 0 | K107: 0 | M107: 0 | N107: 0
E108: ४ड. अपंग कल्याणकारी योजना निधी | F108: 0 | G108: 0 | H108: 0 | I108: 0 | J108: 0 | K108: 0 | M108: 0 | N108: 0
A109: 1 | B109: FE14E101 | E109: अपंग कल्याणकारी योजना | F109: 0 | G109: 170000095 | H109: 170000095 | I109: 90023893 | J109: 23976202 | K109: 56000000 | M109: 90000000 | N109: 90000000
A110: 2 | B110: FE14E110 | E110: पुणे मनपाच्या सर्व कार्यालयांमध्ये अपंग व्यक्तींसाठी कार्यालयीन कर्मचार्‍यांसाठी ये-जा करणेसाठी कायमस्वरूपी रॅम्प करणे व व्हील चेअरची व्यवस्था करणे | F110: 0 | G110: 4000000 | H110: 4000000 | I110: 0 | J110: 0 | K110: 4000000 | M110: 4000000 | N110: 4000000
A111: 3 | B111: FE14E113 | E111: विकलांग विद्यार्थ्यांच्या स्पर्धा आयोजित करणे व त्यांना प्रोत्साहनपर कार्यक्रम आयोजित करणे. | F111: 0 | G111: 2500000 | H111: 2500000 | I111: 0 | J111: 0 | K111: 2500000 | M111: 1000000 | N111: 1000000
A112: 4 | B112: FE14E114 | E112: शासकिय / निमशासकिय सेवेत नियुक्त निःसमर्थ कर्मचार्‍यांना सहाय्यक तंत्रज्ञान / उपकरणे उपलब्ध करून देणे | F112: 0 | G112: 0 | H112: 0 | I112: 0 | J112: 0 | K112: 0 | M112: 3000000 | N112: 3000000
A113: 5 | B113: FE14E115 | E113: अपंगांचे सर्व्हेक्षण करणे | F113: 0 | G113: 0 | H113: 0 | I113: 0 | J113: 0 | K113: 0 | M113: 4000000 | N113: 4000000
A114: 6 | B114: FE14E116 | E114: डॉ. बाबा आमटे विकलांग योजनेअंतर्गत विकलांग मुलांच्या मुलभुत गरजांच्या पुर्ततेसाठी दरमहा 2,000 रूपये आर्थिक सहाय्य करणे | F114: 0 | G114: 0 | H114: 0 | I114: 0 | J114: 0 | K114: 0 | M114: 30000000 | N114: 30000000
E116: ४ड. अपंग कल्याणकारी योजना निधी बेरीज | F116: 0 | G116: 176500095 | H116: 176500095 | I116: 90023893 | J116: 23976202 | K116: 62500000 | M116: 132000000 | N116: 132000000
A119: • | B119: FE14A | C119: • | D119: • | E119: ४. झोपडपट्टी निर्मूलन व पुनर्वसन निधीतून करावयाची कामे बेरीज | F119: 33377000 | G119: 2742905025 | H119: 2776282025 | I119: 2000104722 | J119: 206577303 | K119: 569600000 | L119: 0 | M119: 693680000 | N119: 693680000
...

Sheet DPDC-Machinery-Tree
A1: सन 2016-17चे अंदाजपत्रक – खास निधीतून करावयाची योजनांतर्गत कामे
A2: अनुक्रमांक | B2: विवरण | D2: नक्की आकडा | G2: मान्य अंदाज 2015-16 | H2: नवीन अंदाज 2016-17
D3: 2012-13 | E3: 2013-14 | F3: 2014-15
C7: ५. पुणे जिल्हा नियोजन व विकास मंडळ निधीतून करावयाची कामे | D7: 0 | E7: 0 | F7: 0 | G7: 0 | H7: 0
C8: ५अ. मा. आमदारांनी सुचविल्याप्रमाणे करावयाची विकासाची कामे | D8: 0 | E8: 0 | F8: 0 | G8: 0 | H8: 0
A9: 1 | B9: FE15A101 | C9: बोपोडी मतदार संघ क्र. २४६ | D9: 0 | E9: 0 | F9: 0 | G9: 4000000 | H9: 3500000
A10: 2 | B10: FE15A102 | C10: शिवाजीनगर मतदार संघ क्र. २४७ | D10: 9863574 | E10: 7532054 | F10: 13029718 | G10: 4000000 | H10: 3500000
A11: 3 | B11: FE15A103 | C11: पर्वती मतदार संघ क्र. २४८ | D11: 6067684 | E11: 9635820 | F11: 2017582 | G11: 4000000 | H11: 3500000
A12: 4 | B12: FE15A104 | C12: कसबा पेठ मतदार संघ क्र. २४९ | D12: 13159782 | E12: 14151588 | F12: 12514432 | G12: 4000000 | H12: 3500000
A13: 5 | B13: FE15A105 | C13: भवानी पेठ मतदार संघ क्र. २५० | D13: 0 | E13: 0 | F13: 0 | G13: 4000000 | H13: 3500000
A14: 6 | B14: FE15A106 | C14: पुणे (कॅन्टोन्मेंट) मतदार संघ क्र. २५१ | D14: 8829803 | E14: 6538428 | F14: 8828578 | G14: 4000000 | H14: 3500000
A15: 7 | B15: FE15A107 | C15: विधान परिषद सदस्य | D15: 3487881 | E15: 6077326 | F15: 669792 | G15: 800000 | H15: 700000
D16: 0 | E16: 0 | F16: 0 | G16: 0 | H16: 0
A17: 8 | B17: FE15A108 | C17: ५ब. मा. खासदारांनी सुचविल्याप्रमाणे करावयाची विकासाची कामे | D17: 4002623 | E17: 4501132 | F17: 3109500 | G17: 20000000 | H17: 21000000
D18: 0 | E18: 0 | F18: 0 | G18: 0 | H18: 0
A19: 9 | B19: FE15A110 | C19: महानगरपालिका क्षेत्रात मुलभूत सोईसुविधांसाठी विशेष अनुदान | D19: 3330624 | E19: 19144878 | F19: 21871594 | G19: 0 | H19: 0
A20: 10 | B20: FE15A111 | C20: मुळशी मतदार संघ | D20: 0 | E20: 0 | F20: 0 | G20: 800000 | H20: 700000
A21: 11 | B21: FE15A112 | C21: कोथरूड विधानसभा मतदार संघ | D21: 9347706 | E21: 9852858 | F21: 4018776 | G21: 4000000 | H21: 3500000
A22: 12 | B22: FE15A113 | C22: हडपसर विधानसभा मतदार संघ | D22: 60271 | E22: 701627 | F22: 2705850 | G22: 3200000 | H22: 3500000
A23: 13 | B23: FE15A114 | C23: वडगांवशेरी विधानसभा मतदार संघ | D23: 1762314 | E23: 202985 | F23: 249992 | G23: 3200000 | H23: 3500000
A24: 14 | B24: FE15A115 | C24: खडकवासला विधानसभा मतदार संघ | D24: 0 | E24: 1381004 | F24: 254896 | G24: 0 | H24: 2100000
A25: 15 | B25: FE15A116 | C25: सर्वसाधारण जिल्हा वार्षिक योजना १२-१३ अंतर्गत घनकचरा व्यवस्थापनास निधी | D25: 0 | E25: 1499720 | F25: 0 | G25: 0 | H25: 0
D26: 0 | E26: 0 | F26: 0 | G26: 0 | H26: 0
C27: ५. पुणे जिल्हा नियोजन व विकास मंडळ निधीतून करावयाची कामे बेरीज | D27: 59912262 | E27: 81219420 | F27: 69270710 | G27: 56000000 | H27: 56000000
D28: 0 | E28: 0 | F28: 0 | G28: 0 | H28: 0
C29: ७. यंत्रसामुग्री घसारा निधीतून विकत घ्याववयाची नवीन सामुग्री | D29: 0 | E29: 0 | F29: 0 | G29: 0 | H29: 0
C30: अग्निशामक दलासाठी यंत्रसामुग्री :- | D30: 0 | E30: 0 | F30: 0 | G30: 0 | H30: 0
B31: FE17A103-1 | C31: वॉटर टँकर पंपासह (बाउझर) | D31: 4435930 | E31: 6087913 | F31: 0 | G31: 4500000 | H31: 7000000
B32: FE17A103-2 | C32: फायर इंजिन गाडी | D32: 5200000 | E32: 2786000 | F32: 24000000 | G32: 21600000 | H32: 21000000
B33: FE17A103-4 | C33: हायड्रोलिक प्लॅटफॉर्म | D33: 68000000 | E33: 0 | F33: 0 | G33: 0 | H33: 0
B34: FE17A103-9 | C34: शववाहिनी गाडी २ नग | D34: 0 | E34: 0 | F34: 0 | G34: 1080000 | H34: 0
B35: FE17A103-12 | C35: रेस्क्यू इक्वीपमेंट व लाईट मास्ट | D35: 0 | E35: 0 | F35: 11319330 | G35: 0 | H35: 0
B36: FE17A103-17 | C36: रेस्क्यू व्हॅन | D36: 1714067 | E36: 0 | F36: 0 | G36: 0 | H36: 0
B37: FE17A103-25 | C37: अग्निशमन फवारके व स्थायी अग्निशमन यंत्रणा | D37: 4000000 | E37: 916854 | F37: 0 | G37: 0 | H37: 0
B38: FE17A103-27 | C38: हायट्रन्स फायर सिस्टीम मोबाईल वॉटर सप्लाय सिस्टीम | D38: 65791078 | E38: 0 | F38: 0 | G38: 0 | H38: 0
B39: FE17A103-30 | C39: अल्ट्रा हायप्रेशर पिआर्सी मशीन | D39: 0 | E39: 0 | F39: 5991000 | G39: 0 | H39: 0
B40: FE17A103-31 | C40: मुख्य अग्निशमन अधिकारी यांचे कार्यालय वापरासाठी महेंद्र कंपनीचे स्कॉर्पीओ जीप खरेदी | D40: 0 | E40: 0 | F40: 0 | G40: 0 | H40: 700000
B41: FE17A107-18 | C41: कमला नेहरू रुग्णालयासाठी आवत अ‍ॅम्ब्युलन्स खरेदी करणे (२ नग) | D41: 544182 | E41: 0 | F41: 0 | G41: 0 | H41: 0
B42: FE17A107-20 | C42: ४ झोनसाठी डुक्कर स्कॉड करिता युटिलीटी वाहन खरेदी करणे | D42: 1402005 | E42: 0 | F42: 0 | G42: 0 | H42: 0
... B114: FE17A277# | C114: यंत्रसामुग्री घसारा निधीतून विकत घ्याववयाची सामुग्री | D114: 0 | E114: 0 | F114: 0 | G114: 0 | H114: 125500000
D115: 0 | E115: 0 | F115: 0 | G115: 0 | H115: 0
C116: ७. यंत्रसामुग्री घसारा निधी बेरीज | D116: 442274885 | E116: 95433788 | F116: 76946295 | G116: 188200000 | H116: 305200000
D117: 0 | E117: 0 | F117: 0 | G117: 0 | H117: 0
D118: 0 | E118: 0 | F118: 0 | G118: 0 | H118: 0
C119: १०. वृक्ष संरक्षण व संवर्धन प्राधिकारी निधीतून (अ‍ॅथॉरिटी फंडातून) करावयाचा खर्च | D119: 0 | E119: 0 | F119: 0 | G119: 0 | H119: 0
C120: १०क. वृक्ष संवर्धन व संरक्षण कार्यालयाकडील खर्च :- | D120: 0 | E120: 0 | F120: 0 | G120: 0 | H120: 0
B121: FE20A101A | C121: १. कायम सेवकवर्ग वेतन | D121: 22653163 | E121: 25836075 | F121: 27176981 | G121: 48000000 | H121: 55000000
B122: FE20A102A | C122: २. हंगामी सेवकवर्ग | D122: 8380932 | E122: 6071187 | F122: 1252190 | G122: 4000000 | H122: 1000000
D123: 0 | E123: 0 | F123: 0 | G123: 0 | H123: 0
C124: १०क. बेरीज | D124: 31034095 | E124: 31907262 | F124: 28429171 | G124: 52000000 | H124: 56000000
D125: 0 | E125: 0 | F125: 0 | G125: 0 | H125: 0
C126: १०ग. संकीर्ण :- | D126: 0 | E126: 0 | F126: 0 | G126: 0 | H126: 0
B127: FE20C101 | C127: १. मुद्रण | D127: 78131 | E127: 278194 | F127: 106875 | G127: 280000 | H127: 380000
B128: FE20C102 | C128: २. लेखन व साहित्य | D128: 0 | E128: 134245 | F128: 301362 | G128: 400000 | H128: 500000
B129: FE20C103 | C129: ३. प्रकटन खर्च | D129: 514998 | E129: 53688 | F129: 626432 | G129: 800000 | H129: 1000000
B130: FE20C104 | C130: ४. टपालखर्च व पावती तिकिटे | D130: 36269 | E130: 37999 | F130: 58901 | G130: 80000 | H130: 100000
B131: FE20C105 | C131: ५. गणवेष | D131: 0 | E131: 231000 | F131: 28837 | G131: 40000 | H131: 240000
B132: FE20C106 | C132: ६. पुस्तके व शिलकी साहित्य | D132: 0 | E132: 0 | F132: 0 | G132: 40000 | H132: 40000
B133: FE20C107 | C133: ७. मुलांसाठी मनोरंजन व इतर खर्च | D133: 79209 | E133: 445823 | F133: 225722 | G133: 560000 | H133: 560000
B134: FE20C108 | C134: ८. ट्री अ‍ॅथॉरिटी सभा चहापान खर्च (न.स.) | D134: 30087 | E134: 34175 | F134: 70758 | G134: 80000 | H134: 100000
D135: 0 | E135: 0 | F135: 0 | G135: 0 | H135: 0
C136: १०ग. बेरीज | D136: 738694 | E136: 1215124 | F136: 1418887 | G136: 2280000 | H136: 2920000
D137: 0 | E137: 0 | F137: 0 | G137: 0 | H137: 0
D138: 0 | E138: 0 | F138: 0 | G138: 0 | H138: 0
B139: FE20D101 | C139: नर्सरीच्या वाढीसाठी रोपे, उपकरणे, खते, साहित्य खरेदी व दुरुस्ती देखभाल | D139: 751621 | E139: 1546804 | F139: 0 | G139: 800000 | H139: 1000000
B140: FE20Q101 | C140: पुणे शहरात शालेय विार्थ्यांसाठी पर्यावरणावर आधारित विविध उपक्रम राबविणे | D140: 359875 | E140: 79680 | F140: 119976 | G140: 320000 | H140: 300000
B141: FE20E101 | C141: ड. मनपातर्फे फळाफुलांचे प्रदर्शन | D141: 615351 | E141: 1019998 | F141: 1039550 | G141: 560000 | H141: 1200000
B142: FE20G101 | C142: छ. वृक्ष लागवडीसाठी ३ ते ४ वर्षे वयाची व १० ते १५ फूट उंचीची रोपे, झाडांचे संरक्षणासाठी ट्री गार्ड खरेदी व जुने ट्री गार्ड दुरुस्ती | D142: 0 | E142: 3571218 | F142: 1083452 | G142: 1600000 | H142: 2000000
B143: FE20H101 | C143: ज. झाडांची हालवाहलव | D143: 0 | E143: 0 | F143: 0 | G143: 400000 | H143: 2000000
B144: FE20I101 | C144: ञ. मनपा सार्वजनिक जागेवरील वृक्षारोपण, संरक्षण देखभाल व तद्‌नुषंगिक खर्च | D144: 9449135 | E144: 4489043 | F144: 5307179 | G144: 8000000 | H144: 10000000
B145: FE20K101 | C145: फ. ट्री अ‍ॅथॉरिटीस निरनिराळ्या ठिकाणी भेट देण्यासाठी खर्च | D145: 0 | E145: 0 | F145: 0 | G145: 1600000 | H145: 1200000
B146: FE20L101 | C146: १०ब. वृक्षारोपण उत्तेजनार्थ बक्षिसे | D146: 0 | E146: 0 | F146: 159650 | G146: 80000 | H146: 80000
B147: FE20M101 | C147: १०भ. कामगार नुकसान भरपाई कायाखाली नुकसानभरपाई | D147: 0 | E147: 0 | F147: 0 | G147: 160000 | H147: 160000
B148: FE20N101 | C148: १०क्ष. वृक्षगणना व अनुषंगिक कामे | D148: 4329077 | E148: 1736160 | F148: 218567 | G148: 16000000 | H148: 40000000
B149: FE20P101 | C149: झाडांना पाणी घालण्यासाठी टँकर खरेदी करणे | D149: 2399998 | E149: 3520000 | F149: 1446001 | G149: 4000000 | H149: 5000000
B150: FE20P103 | C150: टायर्स सुटे भाग व देखभाल | D150: 2361326 | E150: 3994538 | F150: 4799997 | G150: 4800000 | H150: 6200000
... B161: FE20P117 | C161: पुणे मनपा उद्यानांच्या अंतर्गत असणारे जलाशयातील जैवविविधता वृध्दिंगत करणे, परिसंस्थेचे संवर्धन करणे यासाठी उपाययोजना करणे | D161: 0 | E161: 0 | F161: 0 | G161: 0 | H161: 5000000
D162: 0 | E162: 0 | F162: 0 | G162: 0 | H162: 0
C163: १०. वृक्ष संरक्षण व संवर्धन प्राधिकारी निधीतून (अ‍ॅथॉरिटी फंडातून) करावयाचा खर्च एकूण बेरीज | D163: 59423386 | E163: 57653694 | F163: 48696450 | G163: 132920000 | H163: 164360000
D164: 0 | E164: 0 | F164: 0 | G164: 0 | H164: 0
D165: 0 | E165: 0 | F165: 0 | G165: 0 | H165: 0
B166: FE31A101 | C166: १९. संकल्प निधी | D166: 7690711 | E166: 5985008 | F166: 6161486 | G166: 0 | H166: 0
D167: 0 | E167: 0 | F167: 0 | G167: 0 | H167: 0
A168: • | C168: १९. संकल्प निधी बेरीज | D168: 7690711 | E168: 5985008 | F168: 6161486 | G168: 0 | H168: 0

Sheet CapitalListA
A2: पथ विभागाकडील कामाच्या याद्या
A4: यादी क्र. ए२
A5: शहरातील रस्ते डांबरीकरणाने विकसित करणे
A6: CE20A102/A2-
A8: क्र. | B8: code | C8: ward | E8: कामाचे नाव | F8: प्रकल्पीय रक्कम | G8: तरतूद
E10: सन 2015-16 मधील अपूर्ण कामांसाठी सन 2016-17 मध्ये उपलब्ध केलेली तरतूद
A11: 1 | B11: CE20A819/S2-703+ | C11: 29 | E11: प्रभाग क्र.२९ वेदभवन ते डुंकरखिंड पर्यंतचा रस्ता ग्राउटींग व डांबरीकरण करणे. | G11: 2450000
A12: 2 | B12: CE20A102/A2-1577+ | E12: पुणे महानगरपालिकेच्या हॉट मिक्‍स प्लान्ट करीता नवीन बॅच मिक्‍स प्लॅन्ट खरेदी करणे. | G12: 21000000
A13: 3 | B13: CE20A102/A2-1109+ | E13: सन 2015-16 मधील कामे पुर्ण करण्यासाठी व जुने देयकांसाठी ( पेंडींग बिलांसाठी ) | G13: 53830000
A14: 4 | B14: CE20A1252+ | E14: एच.सी.एम.टी.आर.जागा ताब्यात घेउन रोड पुर्ण करणे, सल्लागार नेमणे, मार्कींग करणे. | G14: 3150000
A15: 5 | B15: CE20A102/A2-1402+ | E15: पुणे मुंबई रस्ता विकसित करणे | G15: 14000000
A16: 6 | B16: CE20A1250/A7-1+ | E16: पुणे शहरात सी.एम.पी. आराखड्यानुसार (मनपा तरतूद / PPP / Development TDR / Deffered payment / Premium Charges / SUTP world bank loan) अन्वये प्रशासकीय मुल्यमापनानुसार प्रत्यक्ष अंमलबजावणी करून कामे करणे तज्ज्ञ सल्लागार फी आदा करणे | G16: 3500000
A17: 7 | B17: CE20A102/A2-1574+ | E17: पुणे महानगरपालिकेने जागा मालक व विकसकाकडून डी.पी.रस्ता रुंदीच्या बदल्यात ज्या जागा विकसननिधी भरुन ताब्यात आलेल्या जागांचे विकसन कामे करणे व डीपी रस्त्याचे मार्किंग करणे | G17: 3500000
E19: यादी क्र. ए२ एकूण | F19: 0 | G19: 101430000
A22: यादी क्र. एसए२
A23: शहरातील रस्ते डांबरीकरणाने विकसित करणे
A24: CE20A102/SA2-
A26: क्र. | B26: code | C26: ward | E26: कामाचे नाव | F26: प्रकल्पीय रक्कम | G26: तरतूद
A28: 1 | B28: CE20A102/SA2-1 | C28: 1 | E28: प्रभाग क्र. १ अ मध्ये दादाची वस्ती येथील रस्ते डांबरीकरण करणे | G28: 1000000
A29: 2 | B29: CE20A102/SA2-2 | C29: 1 | E29: प्रभाग क्र. १ अ मध्ये खेसे पार्क येथील अंतर्गत रस्ते डांबरीकरण करणे | G29: 4000000
A30: 3 | B30: CE20A102/SA2-3 | C30: 1 | E30: प्रभाग क्र. १ अ मध्ये कलवड येथील अंतर्गत रस्ते डांबरीकरण करणे | G30: 4000000
A31: 4 | B31: CE20A102/SA2-4 | C31: 1 | E31: प्रभाग क्र. १ अ मध्ये गुरूद्वारा , संतनगर दादाची वस्ती येथील अंतर्गत रस्ते डांबरीकरण करणे | G31: 4000000
A32: 5 | B32: CE20A102/SA2-5 | C32: 1 | E32: प्रभाग क्र. १ अ मध्ये आनंद पार्क, भैरवनगर, मुंजाबा वस्ती, माधवनगर, कमल पार्क येथील अंतर्गत रस्ते डांबरीकरण करणे | G32: 5000000
A33: 6 | B33: CE20A102/SA2-6 | C33: 1 | E33: प्रभाग क्र. १ अ मध्ये कलवड येथील रोड नं.१ डांबरीकरण करणे | G33: 2000000
A34: 7 | B34: CE20A102/SA2-7 | C34: 1 | E34: प्रभाग क्र. १ अ मध्ये कमल पार्क रोड नं.७ परिसरातील अंतर्गत रस्ते डांबरीकरण करणे | G34: 1000000
A35: 8 | B35: CE20A102/SA2-8 | C35: 1 | E35: प्रभाग क्र. १ अ मध्ये धानोरी परिसरात रस्ते डांबरीकरण करणे | G35: 4000000
A36: 9 | B36: CE20A102/SA2-9 | C36: 1 | E36: प्रभाग क्र. १ अ मधील स.नं.51 मधील रोड नं.1 ते 4 परिसरातील अंतर्गत रस्ते डांबरीकरण करणे | G36: 2000000
A37: 10 | B37: CE20A102/SA2-10 | C37: 1 | E37: प्रभाग क्र. १ ब (धानोरी) मधील विविध रस्ते ग्राऊट करून डांबरीकरण करणे | G37: 4000000
A38: 11 | B38: CE20A102/SA2-11 | C38: 2 | E38: प्रभाग क्र. २ अ मध्ये ठुबे पठारेनगर व पाराशर सोसा.येथील रस्ते डांबरीकरण करणे | G38: 2000000
A39: 12 | B39: CE20A102/SA2-12 | C39: 2 | E39: प्रभाग क्र. २ अ मध्ये आत्माराम पठारे वस्ती येथील रस्ते डांबरीकरण करणे | G39: 1000000
... A313: 286 | B313: CE20A102/SA2-286 | C313: 9 | E313: प्र.क्र.९ब बाणेर मधील कपिल मल्हार ते अर्जुन शिंदे यांच्या घराकडे जाणारा रस्ता पेव्हरने डांबरीकरण करणे | G313: 2500000
A314: 287 | B314: CE20A102/SA2-287 | E314: पुणे शहरातील मुख्य रस्ते इंटिग्रेटेड रोड डेव्हलपमेंट अंतर्गत विकसीत करणे | G314: 20000000
A315: 288 | B315: CE20A102/SA2-288 | E315: धायरी बारांगणी मळा स.न.१३३ मधील रस्ता डांबरीकरण करणे. | G315: 2500000
A316: 289 | B316: CE20A102/SA2-289 | E316: धायरी मेन रोड ते आंबेडकरनगर स.न.१४६/१/१/२ ब्रम्हगिरी आर्केड शेजारी रस्ता पुर्नडांबरीकरण करणे | G316: 5000000
A317: 290 | B317: CE20A102/SA2-290 | E317: कात्रज कोंढवा रस्ता खडी मशीन पर्यंत डिफर्ड पेमेंट पद्धतीने विकसीत करणे | G317: 150000000
A318: 291 | B318: CE20A102/SA2-291 | C318: 62 | E318: प्रभाग क्र.६२ ब अशरफनगर, काकडेनगर, हगवणेनगर लक्ष्मीनगर येथील रस्ते खडीकरण व डांबरीकरण करणे | G318: 10000000
A319: 292 | B319: CE20A102/SA2-292 | C319: 62 | E319: प्रभाग क्र.६२ ब गोकुळनगर, विघ्नहर्ता कॉलनी, साईनगर कोंढवा बु. परिसर येथील रस्ते खडीकरण व डांबरीकरण करणे | G319: 10000000
A320: 293 | B320: CE20A102/SA2-293 | C320: 62 | E320: प्रभाग क्र.६२ ब कोंढवा बु. परिसरातील विविध ठिकाणी रस्ते डांबरीकरण करणे | G320: 5000000
A321: 294 | B321: CE20A102/SA2-294 | C321: 74 | E321: प्रभाग क्र. ७४ ब मध्ये विविध ठिकाणी खडीकरण , डांबरीकरण करणे व तदनुषंगीक कामे करणे | G321: 2000000
A322: 295 | B322: CE20A102/SA2-295 | C322: 12 | E322: प्रभाग क्र.12 ब कॅनॉल रोडवरील रस्ते डांबरीकरण करणे | G322: 2500000
A323: 296 | B323: CE20A102/SA2-296 | E323: सुस ते पाषाण यांना जोडणा-या स.न.१३४,१३५,१३६,१३७,१३८,१४० पाषाण या मिळकती मधून जाणा-या ३६ मीटर डी.पी. रोडचे डांबरीकरण करणे | G323: 50000000
A324: 297 | B324: CE20A102/SA2-297 | C324: 50 | E324: प्र.क्र. ५०अ, शुक्रवार पेठ, बुधवार पेठ, सदाशिव पेठ मधील रस्ते डांबरीकरण करणे | G324: 4000000
E326: यादी क्र. एसए२ एकूण | F326: 0 | G326: 850700000
A329: यादी क्र. ए६
A330: शहरामधील रस्ते विकसित करणे
A331: CE20A1249/A6-
A333: क्र. | B333: code | C333: ward | E333: कामाचे नाव | F333: प्रकल्पीय रक्कम | G333: तरतूद
E335: सन 2015-16 मधील अपूर्ण कामांसाठी सन 2016-17 मध्ये उपलब्ध केलेली तरतूद
A336: 1 | B336: CE20A102/A2-1427+ | C336: 53, 55 | E336: सिंहगड रोड वडगांव बु.सं.नं. 30 पासुन पु. ल. देशपांडे उदयान पर्वती पर्यंत 7.50 मी.रुंदीचा रस्ता कॅनॉलच्या कडेने विकसित करणे. | G336: 12600000
A337: 2 | B337: CE20A102/A2-1532+ | C337: 45 | E337: ससाणेनगर रेल्वे क्रॉसिंग ते हांडेवाडी आणि महम्मदवाडीकडे जाणा-या रस्त्यांचे जागा उपलब्धतेप्रमाणे रुंदीकरण करणे. | G337: 9450000
A338: 3 | B338: CE20A102/A2-1546+ | C338: 2 | E338: खराडी येथील ब्ल्यू बेरी व डेक्‍कन गोल्ड येथील अर्धवट असलेल्या 12 मी.डी.पी.रस्ता 60 मी.डी.पी. रस्त्याला जोडणे. | G338: 1750000
A339: 4 | B339: CE20A102/A2-1576+ | C339: G | E339: शहरातील नियोजित डी.पी. रस्त्यांचे मार्किंग करणे. | G339: 3150000
A340: 5 | B340: CE20A102/A2-1591+ | C340: 9 | E340: बाणेर स.नं.१४,१५,१६ मधील २४ मी.डी.पी रस्ता विकसित करणे. | G340: 3150000
A341: 6 | B341: CE20A102/A2-1597+ | C341: 8 | E341: स.नं. १३ पाषाण येथील हॉटेल ग्रीन पार्क ते गोल्ड कोस्ट सोसायटी २४ मी.रूंदी डी.पी.रस्ता विकसित करणे. | G341: 3150000
A342: 7 | B342: CE20A819/S2-564+ | C342: 4 | E342: प्रभाग क्र.४ मध्ये व प्रभाग क्र.३ मधील टाटा गार्डरूम ते ५०९ चौक रस्ता विकसित करणे. | G342: 6300000
A343: 8 | B343: CE20A819/S2-938+ | C343: 73 | E343: प्रभाग क्र. ७३ मधील बालाजीनगर परिसरामध्ये निवारा सोसायटी, साईकृपा सोसायटी, हिल पॉईट सोसायटी परिसरामध्ये रस्ते विकसित करणे. | G343: 2450000
A344: 9 | B344: CE20A819/S2-971+ | C344: 54 | E344: स.नं.१४३,१७६ वडगांव खुर्द ते स.नं. १८०, १८२,१७९,१८१,१४८,१४९,१५०,१५१,१५२,१५३,१५४ धायरी सावित्री गार्डन ३० मीटर रूंदीचा रस्ता तयार करणे. | G344: 3150000
A345: 10 | B345: CE20A819/S2-973+ | C345: 3 | E345: लोहगाव स.नं. २३५,२३६,२३८,२३९ मधील रस्ते करणे. | G345: 1750000
A346: 11 | B346: CE20A819/S2-974+ | C346: 3 | E346: लोहगाव स.नं. २०३,२२७,२३९ पर्यंतचा रस्ता करणे. | G346: 1750000
A347: 12 | B347: CE20A819/S2-980+ | C347: 9 | E347: प्र.क्र.९ बाणेर बालेवाडी मधील डी.पी. रस्त्यांची उर्वरित कामे करणे. | G347: 3150000
A348: 13 | B348: CE20A102/A2-1551+ | E348: विश्रांतवाडी चौक ते हवाई दलाचे ताब्यातील 509 चौक ते सीव्हिल एअरपोर्ट रस्ता वर्कींग परमिशन मिळाल्यानंतर व 509 चौक ते धानोरी लोहगांव रस्ता करणे. | G348: 18900000
A349: 14 | B349: CE20A102/A2-1315+ | C349: G | E349: हिंगणे मुख्य रस्ता करणे. | G349: 1750000
A350: 15 | B350: CE20A102/A2-1326+ | C350: 75 | E350: आंबेगाव बु., १८ मीटर डी.पी शिव रस्ता स.नं. १७ ते २९ हायेवेपर्यंत विकसित करणे. | G350: 6300000
A351: 16 | B351: CE20A819/S2-250+ | C351: 41 | E351: गंगाधाम ते व्ही.आय.टी.होस्टेल चौक ते शत्रुंजय चौक दरम्यान डी.पी.रस्ता विकसित करणे. | G351: 31500000
A352: 17 | B352: CE20A819/S2-2179+ | C352: 9 | E352: बाणेर स.नं. ३७,४० मधून जाणारा २४ मी डी.पी रस्ता स.नं. ३३ पर्यंत व स.नं. ३३,३२ जाणारा ३० मी.डी.पी रस्ता स.नं. ८५ बाणेर रस्त्यापर्यंत करणे. | G352: 3150000
E354: यादी क्र. ए६ एकूण | F354: 0 | G354: 113400000
A357: यादी क्र. एसए६
A358: शहरामधील रस्ते विकसित करणे
A359: CE20A1249/SA6-
A361: क्र. | B361: code | C361: ward | E361: कामाचे नाव | F361: प्रकल्पीय रक्कम | G361: तरतूद
A363: 1 | B363: CE20A1249/SA6-1 | C363: 2 | E363: प्रभाग क्र. २ ब मध्ये गंगा कॉन्सटेला ते पाण्याच्या टाक्याकडे जाणारा रस्ता विकसित करणे | G363: 2000000
A364: 2 | B364: CE20A1249/SA6-2 | C364: 2 | E364: प्रभाग क्र. २ ब मध्ये स.नं. ५२ श्रीराम नगर व पाराशर सोसा.येथील रस्ते ग्राऊट करणे | G364: 3000000
A365: 3 | B365: CE20A1249/SA6-3 | C365: 3 | E365: प्रभाग क्र. ३ अ मध्ये खराब झालेले रस्ते दुरूस्ती करणे | G365: 1000000
A366: 4 | B366: CE20A1249/SA6-4 | C366: 3 | E366: प्रभाग क्र. ३ अ मध्ये विमाननगर, दत्त मंदिर चौक ते कैलास सुपर मार्केट व परिसर रस्ता करणे | G366: 3000000
A367: 5 | B367: CE20A1249/SA6-5 | C367: 3 | E367: प्रभाग क्र. ३ ब मथुरा नगर मधील रस्ते विकसित करणे | G367: 1000000
A368: 6 | B368: CE20A1249/SA6-6 | C368: 4 | E368: प्रभाग क्र. ४ ब ५०९ चौक ते येरवडा गार्ड रूम चे रस्त्याचे उर्वरित काम करणे . | G368: 15000000
A369: 7 | B369: CE20A1249/SA6-7 | C369: 5 | E369: प्रभाग क्र. ५ अ मध्ये जुना आळंदी रोड विकसित करणे | G369: 2000000
A370: 8 | B370: CE20A1249/SA6-8 | C370: 7 | E370: प्र.क्र.७अ मध्ये गणेशखिंड रस्ता पदपथासंबंधी कामे करणे. | G370: 2500000
A371: 9 | B371: CE20A1249/SA6-9 | C371: 7 | E371: प्रभाग क्र. ७ ब मध्ये विविध ठिकाणी पथविषयक कामे करणे | G371: 1000000
A372: 10 | B372: CE20A1249/SA6-10 | C372: 8 | E372: प्रभाग क्र. ८ ब मध्ये बंधन गड मनपा इमारत ते हरिओम पूरम रस्ता साईड पट्टा ग्राउट करणे | G372: 1000000
A373: 11 | B373: CE20A1249/SA6-11 | C373: 10 | E373: प्रभाग क्र. १० ब मध्ये स.नं. ११६ ते ११८ (२४ मी ) डी.पी. विकसित करणे | G373: 4000000
A374: 12 | B374: CE20A1249/SA6-12 | C374: 10 | E374: प्रभाग क्र. १० ब मध्ये स.नं. ११६ ते (२४ मी) डी.पी. यांना जोडणार १२ मी डी.पी.विकसित करणे | G374: 3000000
... A528: 166 | B528: CE20A1249/SA6-166 | C528: 59 | E528: प्र.क्र.५९अ मध्ये रस्ते विकसीत करणे | G528: 5000000
A529: 167 | B529: CE20A1249/SA6-167 | E529: पुणे नगर रोड पासून तुळजा भवानी नगर ते आपले घर सोसायटी रस्ता रुंदीकरण करुन विकसीत करणे. | G529: 5000000
A530: 168 | B530: CE20A1249/SA6-168 | E530: स.न.६४ कवडे मळा घोरपडी येथील जुन्या पुलाची दुरुस्ती व सुशोभिकरण करणे व पूल ते अमर रेनिसॉन डोबरवाडी पर्यंतचा रस्ता विकसीत करणे | G530: 8000000
A531: 169 | B531: CE20A1249/SA6-169 | E531: कोंढवा खुर्द स.न.४ अ कमेला येथील डी.पी. रस्ता विकसीत करणे | G531: 15000000
A532: 170 | B532: CE20A1249/SA6-170 | E532: शिंदेंचा पुल ते खान वस्ती, कॅनॉल रस्ता करणे | G532: 5000000
A533: 171 | B533: CE20A1249/SA6-171 | C533: 62 | E533: प्रभाग क्र.६२ ब हगवणेनगर, काकडेनगरला जाणारा २४ मी डीपी रस्ता विकसित करणे | G533: 10000000
A534: 172 | B534: CE20A1249/SA6-172 | C534: 18 | E534: प्रभाग क्र. 18 ब मध्ये विविध ठिकाणी रस्ते विकसित करणे | G534: 5000000
A535: 173 | B535: CE20A1249/SA6-173 | C535: 45 | E535: प्रभाग क्र.45 अ मध्ये हडपसर स.नं.56,58,59 मधून दक्षिणेकडे जाणारा 18 मी डि. पी. रस्ता विकसित करणे | G535: 20000000
A536: 174 | B536: CE20A1249/SA6-174 | E536: स.नं.24 धानोरी- मारूती खंडू टिंगरे यांच्या बंगल्यापासून (शेवंता वस्ती) ते मुंजाबा वस्ती, मित्तल आर्क विस्टा या गृहप्रकल्पाच्या अगोदर पर्यंत 18 मी. डि.पी. रस्ता | G536: 20000000
A537: 175 | B537: CE20A1249/SA6-175 | E537: ५०९ चौक ते जकातनाका चौक लोहगाव डी.पी.रस्ता विकसीत करणे | G537: 100000000
A538: 176 | B538: CE20A1249/SA6-176 | C538: 69 | E538: धनकवडी चव्हाणनगर प्रभाग क्र.६९ ब येथील विणकर सोसा.बंगलो स्किम लगतचा मुख्य रस्ता ते वनशिव वस्ती मार्गे तळजाई पाण्याच्या टाकीकडे जाणारा ६० फुट डि.पी.रस्ता विकसीत करणे | G538: 2000000
A539: 177 | B539: CE20A1249/SA6-177 | C539: 1 | E539: प्र.क्र. १ब, स.नं. ५१ मधून चौधरीनगरला जाणारा १८ मीटर डी.पी. रोड विकसित करणे | G539: 10000000
E542: यादी क्र. एसए६ एकूण | F542: 0 | G542: 770800000
A545: यादी क्र. एसए७
A546: पुणे शहरात सी.एम.पी. आराखड्यानुसार (PPP / Development TDR / Deffered payment / Premium charges) अन्वये
A547: प्रशासकीय मुल्यमापनानुसार प्रत्यक्ष अंमलबजावणी करून कामे करणे
A548: CE20A1250/SA7-
A550: क्र. | B550: code | C550: ward | E550: कामाचे नाव | F550: प्रकल्पीय रक्कम | G550: तरतूद
...

Sheet RevenueInconeC
A1: पाणीपुरवठा व जलोत्सारण प्रकल्पांतर्गत | G1: खास निधी 'क' चा जमेचा गोषवारा व तपशील
A2: विवरण | C2: नक्की आकडा | H2: 2015-16 वर्षाचा अंदाज | J2: 2016-17 वर्षाचा अंदाज | M2: 2015-16 वर्षाच्या मान्य अंदाजाशी तुलना केलेला 2016-17 वर्षाचा मा. स्थायी समितीने मान्यता दिलेला अंदाज
C3: 2012-13 | D3: 2013-14 | E3: 2014-15 | F3: 2014-15 शेवटची सहामाही | G3: 2015-16 पहिली सहामाही | H3: मान्य अंदाज | I3: दुरूस्त अंदाज | J3: मा. महापालिका आयुक्त यांनी सुचविलेला | K3: मा. स्थायी समितीने मान्यता दिलेला | L3: मा. महानगर- पालिकेने संमत केलेला
M5: अधिक | N5: कमी
A7: अधिनियमाप्रमाणे कमीत कमी रोख शिल्लक ठेवण्याची रक्कम जमेस धरून वर्षारंभीची शिल्लक | C7: 100000 | D7: 100000 | E7: 100000 | G7: 0 | H7: 100000 | I7: 100000 | J7: 100000 | K7: 100000 | L7: 0 | M7: 0 | N7: 0
C8: 0 | D8: 0 | E8: 0 | G8: 0 | H8: 0 | I8: 0 | J8: 0 | K8: 0 | L8: 0 | M8: 0 | N8: 0
A9: १. पाणीपुरवठा (अति. न.अ.) | C9: 0 | D9: 0 | E9: 0 | F9: 0 | G9: 0 | H9: 0 | I9: 0 | J9: 0 | K9: 0 | L9: 0 | M9: 0 | N9: 0
A10: क. पाणीपट्टी साधारण पाणीपट्टी (कआकसंप्र) | B10: XI12A101 | C10: 957468962 | D10: 811521615 | E10: 1341089335 | F10: 634004501 | G10: 1090659990 | H10: 2090000000 | I10: 2090000000 | J10: 2359500000 | K10: 2359500000 | L10: 0 | M10: 269500000 | N10: 0
A11: ख. शासनाकडून (कआकसंप्र) | B11: XI12B101 | C11: 0 | D11: 0 | E11: 0 | F11: 0 | G11: 0 | H11: 100000 | I11: 100000 | J11: 100000 | K11: 100000 | L11: 0 | M11: 0 | N11: 0
A12: च. पुणे महानगर परिवहन महामंडळ लि. कडील मिळकतीवरील पाणीपट्टी (कआकसंप्र) | B12: XI12F101 | C12: 0 | D12: 0 | E12: 0 | F12: 0 | G12: 0 | H12: 100000 | I12: 100000 | J12: 100000 | K12: 100000 | L12: 0 | M12: 0 | N12: 0
A13: छ. वॉटर बेनिफीट टॅक्स (जललाभकर) (कआकसंप्र) (करपात्र रकमेच्या ३ टक्के) | B13: XI12G101 | C13: 197205040 | D13: 274834595 | E13: 302692528 | F13: 98802938 | G13: 246939193 | H13: 731400000 | I13: 731400000 | J13: 520200000 | K13: 520200000 | L13: 0 | M13: 0 | N13: 211200000
A14: ग. पाणीपट्टी पाणीमापकानुसार (अति.न.अ.) | B14: XI12C101 | C14: 334485239 | D14: 335645669 | E14: 359356133 | F14: 201608877 | G14: 1.6836123e+08 | H14: 800000000 | I14: 800000000 | J14: 615000000 | K14: 615000000 | L14: 0 | M14: 0 | N14: 185000000
A15: ग१. मीटर पाणीपट्टी थकबाकीपोटी जमा | B15: XI12C101A | C15: 0 | D15: 0 | E15: 0 | F15: 0 | G15: 0 | H15: 0 | I15: 0 | J15: 155000000 | K15: 718700000 | L15: 0 | M15: 718700000 | N15: 0
A16: ग२. गवनि खात्याअंतर्गत होणारी पाणीपट्टी जमा | B16: XI12C101B | C16: 5990669 | D16: 23592647 | E16: 41474022 | F16: 40425099 | G16: 26881510 | H16: 30000000 | I16: 30000000 | J16: 30000000 | K16: 30000000 | L16: 0 | M16: 0 | N16: 0
A17: अनधिकृत कनेक्शन नियमित करण्यापोटी जमा | B17: XI12S101 | C17: 0 | D17: 19160 | E17: 74895 | F17: 72395 | G17: 7305 | H17: 0 | I17: 0 | J17: 250000000 | K17: 250000000 | L17: 0 | M17: 250000000 | N17: 0
A18: घ. पाणीमापक भाडे | B18: XI12D101 | C18: 0 | D18: 15600 | E18: 1972 | F18: 1972 | G18: 1745 | H18: 0 | I18: 0 | J18: 10000000 | K18: 10000000 | L18: 0 | M18: 10000000 | N18: 0
A19: ड. नवीन नळ आकार नळदुरुस्ती व साफसफी (परतजमा) | B19: XI12E101 | C19: 3872364 | D19: 4597263 | E19: 6509624 | F19: 4419154 | G19: 3699952.7 | H19: 4000000 | I19: 4000000 | J19: 5000000 | K19: 5000000 | L19: 0 | M19: 1000000 | N19: 0
A20: ठ. कॉलनी रस्त्यावर पाईप टाकणे कामापोटी सुपरव्हिजन स्क्रुटीनी फी व अन्य जमा होणार | B20: XI12K101 | C20: 115563 | D20: 973708 | E20: 1180267 | F20: 888081 | G20: 530823 | H20: 800000 | I20: 800000 | J20: 10000000 | K20: 10000000 | L20: 0 | M20: 9200000 | N20: 0
A21: थ. पाणी वजावट ठेकेदार | B21: XI12R101 | C21: 5090222 | D21: 5474244 | E21: 5645606 | F21: 4942177 | G21: 1321072 | H21: 6000000 | I21: 6000000 | J21: 6000000 | K21: 6000000 | L21: 0 | M21: 0 | N21: 0
... A29: ण. अंदाजपत्रक 'अ' कडून वर्ग | B29: XI12M101 | C29: 2364078117 | D29: 3305964246 | E29: 3087694698 | F29: 3087694698 | G29: 0 | H29: 42029393 | I29: 42029393 | J29: 2138384749 | K29: 1630361499 | L29: 0 | M29: 1588332106 | N29: 0
C30: 0 | D30: 0 | E30: 0 | F30: 0 | G30: 0 | H30: 0 | I30: 0 | J30: 0 | K30: 0 | L30: 0 | M30: 0 | N30: 0
A31: १. बेरीज | C31: 3973705123 | D31: 4782638747 | E31: 5165719080 | F31: 4092859892 | G31: 1.5384028e+09 | H31: 3724429393 | I31: 3724429393 | J31: 6159284749 | K31: 6214961499 | L31: 0 | M31: 2886732106 | N31: 396200000
C32: 0 | D32: 0 | E32: 0 | F32: 0 | G32: 0 | H32: 0 | I32: 0 | J32: 0 | K32: 0 | L32: 0 | M32: 0 | N32: 0
A33: १अ. पुणे कॅन्टोन्मेंट पाणीपुरवठा जमा (अति.न.अ.) | C33: 0 | D33: 0 | E33: 0 | F33: 0 | G33: 0 | H33: 0 | I33: 0 | J33: 0 | K33: 0 | L33: 0 | M33: 0 | N33: 0
A34: (१) पाणीमापकानुसार पाणीपट्टी | B34: XI12Q101 | C34: 179515568 | D34: 193347221 | E34: 181297563 | F34: 112634662 | G34: 32942575 | H34: 250000000 | I34: 250000000 | J34: 170000000 | K34: 170000000 | L34: 0 | M34: 0 | N34: 80000000
A35: (२) एच.ई. फॅक्टरीकडून येणारी जमा | B35: XI12Q102 | C35: 53874219 | D35: 34000327 | E35: 20768047 | F35: 20768047 | G35: 0 | H35: 55000000 | I35: 55000000 | J35: 55000000 | K35: 55000000 | L35: 0 | M35: 0 | N35: 0
C36: 0 | D36: 0 | E36: 0 | F36: 0 | G36: 0 | H36: 0 | I36: 0 | J36: 0 | K36: 0 | L36: 0 | M36: 0 | N36: 0
A37: १अ. बेरीज | C37: 233389787 | D37: 227347548 | E37: 202065610 | F37: 133402709 | G37: 32942575 | H37: 305000000 | I37: 305000000 | J37: 225000000 | K37: 225000000 | L37: 0 | M37: 0 | N37: 80000000
C38: 0 | D38: 0 | E38: 0 | F38: 0 | G38: 0 | H38: 0 | I38: 0 | J38: 0 | K38: 0 | L38: 0 | M38: 0 | N38: 0
A39: जागतिक बँक, एशियन डेव्हलपमेंट बँक, जपान बँकेकडून अथवा अन्य बँका व वित्त संस्था यांचेकडून दिर्घ व लघु मुदतीसाठी कर्ज | B39: ZI12A101 | C39: 0 | D39: 0 | E39: 0 | F39: 0 | G39: 0 | H39: 0 | I39: 0 | J39: 1280000000 | K39: 896000000 | L39: 0 | M39: 896000000 | N39: 0
A40: राष्ट्रीय नदीसुधारणा प्रकल्पातंर्गत (जायका) केंद्र सरकारकडून अनुदान | B40: ZI12A102 | C40: 0 | D40: 0 | E40: 0 | F40: 0 | G40: 0 | H40: 0 | I40: 0 | J40: 800000000 | K40: 560000000 | L40: 0 | M40: 560000000 | N40: 0
A41: ज.ने.रा.श.पु.अ., अमृत व स्मार्ट सिटी आभियान अंतर्गत केंद्र व राज्य शासनाकडील अनुदानाचा हिस्सा | B41: ZI12A103 | C41: 0 | D41: 0 | E41: 0 | F41: 0 | G41: 0 | H41: 0 | I41: 0 | J41: 270000000 | K41: 189000000 | L41: 0 | M41: 189000000 | N41: 0
C42: 0 | D42: 0 | E42: 0 | F42: 0 | G42: 0 | H42: 0 | I42: 0 | J42: 0 | K42: 0 | L42: 0 | M42: 0 | N42: 0
A43: १. एकूण बेरीज | C43: 4207094910 | D43: 5009986295 | E43: 5367784690 | F43: 4226262601 | G43: 1.5713454e+09 | H43: 4029429393 | I43: 4029429393 | J43: 8734284749 | K43: 8084961499 | L43: 0 | M43: 4531732106 | N43: 476200000
C44: 0 | D44: 0 | E44: 0 | F44: 0 | G44: 0 | H44: 0 | I44: 0 | J44: 0 | K44: 0 | L44: 0 | M44: 0 | N44: 0
C45: 0 | D45: 0 | E45: 0 | F45: 0 | G45: 0 | H45: 0 | I45: 0 | J45: 0 | K45: 0 | L45: 0 | M45: 0 | N45: 0
A46: २. गटारे व नाले सुधारणा (अति.न.अ.) | C46: 0 | D46: 0 | E46: 0 | F46: 0 | G46: 0 | H46: 0 | I46: 0 | J46: 0 | K46: 0 | L46: 0 | M46: 0 | N46: 0
A47: क. सफाईपट्टी (करपात्र रकमेच्या १४%) (कआकसंप्र) | B47: XI23A101 | C47: 863141289 | D47: 1266493037 | E47: 1496037193 | F47: 522053042 | G47: 1217010196 | H47: 1797900000 | I47: 1797900000 | J47: 1768800000 | K47: 1768800000 | L47: 0 | M47: 0 | N47: 29100000
A48: घ. सुअरेज बेनिफीट टॅक्स (जलनिस्सारण लाभकर करपात्र रकमेच्या ६%) (कआकसंप्र) | B48: XI23D101 | C48: 394371659 | D48: 514638663 | E48: 619016536 | F48: 209705757 | G48: 503111143 | H48: 906200000 | I48: 906200000 | J48: 850000000 | K48: 850000000 | L48: 0 | M48: 0 | N48: 56200000
A49: ग. ड्रेनेज / सलेज कनेक्शन व सेवावाढ आकार नियोजित बांधकाम क्षेत्रफळावर रु. ११ चौ. मि | B49: XI23C101 | C49: 7603122 | D49: 8013571 | E49: 7333434 | F49: 3750151 | G49: 3583360.5 | H49: 10000000 | I49: 10000000 | J49: 10000000 | K49: 10000000 | L49: 0 | M49: 0 | N49: 0
C50: 0 | D50: 0 | E50: 0 | F50: 0 | G50: 0 | H50: 0 | I50: 0 | J50: 0 | K50: 0 | L50: 0 | M50: 0 | N50: 0
A51: २. बेरीज | C51: 1265116070 | D51: 1789145271 | E51: 2122387163 | F51: 735508950 | G51: 1.7237047e+09 | H51: 2714100000 | I51: 2714100000 | J51: 2628800000 | K51: 2628800000 | L51: 0 | M51: 0 | N51: 85300000
C52: 0 | D52: 0 | E52: 0 | F52: 0 | G52: 0 | H52: 0 | I52: 0 | J52: 0 | K52: 0 | L52: 0 | M52: 0 | N52: 0
A53: ३. डेव्हलपमेंट निधीकडून जमा | B53: XI23F101 | C53: 448454284 | D53: 424062175 | E53: 450385939 | F53: 450385939 | G53: 0 | H53: 490000000 | I53: 490000000 | J53: 500000000 | K53: 500000000 | L53: 0 | M53: 10000000 | N53: 0
C54: 0 | D54: 0 | E54: 0 | F54: 0 | G54: 0 | H54: 0 | I54: 0 | J54: 0 | K54: 0 | L54: 0 | M54: 0 | N54: 0
A55: १. + २. + ३. एकूण बेरीज | C55: 5920665264 | D55: 7223193741 | E55: 7940557792 | F55: 5412157490 | G55: 3.2950501e+09 | H55: 7233529393 | I55: 7233529393 | J55: 11863084749 | K55: 11213761499 | L55: 0 | M55: 4541732106 | N55: 561500000
C56: 0 | D56: 0 | E56: 0 | F56: 0 | G56: 0 | H56: 0 | I56: 0 | J56: 0 | K56: 0 | L56: 0 | M56: 0 | N56: 0
A57: वर्षारंभीच्या शिलकेसह एकूण जमा | C57: 5920765264 | D57: 7223293741 | E57: 7940657792 | F57: 5412257490 | G57: 3.2950501e+09 | H57: 7233629393 | I57: 7233629393 | J57: 11863184749 | K57: 11213861499 | L57: 0 | M57: 4541732106 | N57: 561500000
C58: 0 | D58: 0 | E58: 0 | F58: 0 | G58: 0 | H58: 0 | I58: 0 | J58: 0 | K58: 0 | L58: 0 | M58: 0 | N58: 0
A59: अंदाजपत्रक 'क' एकूण जमा | C59: 5920765264 | D59: 7223293741 | E59: 7940657792 | F59: 5412257490 | G59: 3.2950501e+09 | H59: 7233629393 | I59: 7233629393 | J59: 11863184749 | K59: 11213861499 | L59: 0 | M59: 4541732106 | N59: 561500000

Sheet RevenueExpenditureC
A1: योजनेतर खर्च तपशील
A2: विवरण | D2: नक्‍की आकडा | G2: मान्य अंदाज 2015-16 | H2: नवीन अंदाज 2016-17
D3: 2012-13 | E3: 2013-14 | F3: 2014-15
A5: १. पाणीपुरवठा | D5: 0 | E5: 0 | F5: 0 | G5: 0 | H5: 0
A6: क. पाणीपुरवठा | D6: 0 | E6: 0 | F6: 0 | G6: 0 | H6: 0
A7: १. मध्यवर्ती कार्यालय, कायम सेवकवर्ग वेतन | B7: XE12A101A | D7: 15239552 | E7: 13724143 | F7: 17277661 | G7: 18588000 | H7: 25000000
A8: २अ. कायम सेवकवर्ग वेतन | B8: XE12A101B | D8: 79810144 | E8: 85088436 | F8: 94860971 | G8: 90000000 | H8: 130000000
A9: २ब. कायम सेवकवर्ग वेतन (वि.का.) | B9: XE12A###A | D9: 9039415 | E9: 9246112 | F9: 9542874 | G9: 10526000 | H9: 12500000
A10: ३. संकीर्ण | B10: XE12A103 | D10: 1181463 | E10: 1267246 | F10: 785104 | G10: 800000 | H10: 1100000
A11: ४. पाण्याची किंमत (पर्वती पंपिंग स्टेशन) | B11: XE12A104 | D11: 147968426 | E11: 159000000 | F11: 161500000 | G11: 129200000 | H11: 145000000
A12: ५. पाणी शुद्ध करणे व तद्‌नुषंगिक कामे करणे | B12: XE12A105 | D12: 39388533 | E12: 54155100 | F12: 52999452 | G12: 43200000 | H12: 45000000
A13: ६. प्रयोगशाळा देखभाल खर्च | B13: XE12A106 | D13: 1499153 | E13: 1373228 | F13: 1193434 | G13: 1200000 | H13: 1200000
A14: ७-अ. पंपिंग वीज खर्च | B14: XE12A107 | D14: 489432391 | E14: 462455350 | F14: 494546000 | G14: 400000000 | H14: 530000000
A15: ९. कोठी इतर साहित्य खर्च | B15: XE12A109 | D15: 4132721 | E15: 3221160 | F15: 3239120 | G15: 2800000 | H15: 3500000
A16: १२. पर्वती जलकेंद्रातील यंत्रसामुग्रीवरील घसारा (मु.ले.) | B16: XE12A112 | D16: 179878 | E16: 193922 | F16: 163912 | G16: 163906 | H16: 164000
A17: १४. जलप्रदूषण प्रतिबंधक खर्च | B17: XE12A115 | D17: 5997000 | E17: 2436058 | F17: 8850000 | G17: 5200000 | H17: 6000000
A18: १८. जलकेंद्र पाण्याच्या टाक्या येथे प्रकाश व्यवस्था व दूरध्वनी व्यवस्था | B18: XE12A120 | D18: 0 | E18: 0 | F18: 0 | G18: 400000 | H18: 440000
... A39: पर्वती जलकेंद्र प्रयोगशाळा येथे पाणी तपासणीसाठी लागणारी विविध उपकरणे व तद्‌नुषंगिक साहित्य खरेदी करणे | B39: XE12A146 | D39: 0 | E39: 0 | F39: 0 | G39: 0 | H39: 0
A40: क. बेरीज | D40: 868241521 | E40: 871090881 | F40: 908151990 | G40: 760561906 | H40: 980604000
D41: 0 | E41: 0 | F41: 0 | G41: 0 | H41: 0
A42: ख१. नळ खाते (स्वारगेट विभाग) | D42: 0 | E42: 0 | F42: 0 | G42: 0 | H42: 0
A43: १. कायम सेवक वर्ग वेतन | B43: XE12B101A | D43: 137334257 | E43: 153660558 | F43: 166857797 | G43: 170000000 | H43: 205000000
A44: २. संकीर्ण | B44: XE12B102 | D44: 913686 | E44: 885210 | F44: 344423 | G44: 680000 | H44: 800000
A45: ४. शहरांतील / नव्याने समाविष्ट गावांतील सर्व व्हॉल्व्हज्‌ चालू व बंद करणे | B45: XE12B107 | D45: 22917553 | E45: 23900210 | F45: 26432807 | G45: 18400000 | H45: 35830000
A46: ८. टँकरने पाणीपुरवठा करणे | B46: XE12B111 | D46: 9072422 | E46: 6483276 | F46: 10314298 | G46: 6400000 | H46: 19000000
A47: ९. कोठी व इतर साहित्य खरेदी | B47: XE12B112 | D47: 26602856 | E47: 14733918 | F47: 15266437 | G47: 12000000 | H47: 25500000
A48: १०. देखभाल दुरुस्ती : नळदुरुस्ती व स्वच्छता तातडीच्या दुरुस्त्या चेंबर करणे, आर.सी.सी, कव्हर बसविणे व तदनुषंगिक कामे करणे | B48: XE12B113 | D48: 26273076 | E48: 29914211 | F48: 27459984 | G48: 20000000 | H48: 50000000
A49: ११. टाक्‍यांची दुरुस्ती | B49: XE12B114 | D49: 0 | E49: 0 | F49: 99862 | G49: 800000 | H49: 1000000
A50: पाणीपुरवठा विभागाकडील देखभाल दुरूस्तीची कामे | B50: XE12B115# | D50: 0 | E50: 0 | F50: 0 | G50: 0 | H50: 43500000
D51: 0 | E51: 0 | F51: 0 | G51: 0 | H51: 0
A52: ख१. बेरीज | D52: 223113850 | E52: 229577383 | F52: 246775608 | G52: 228280000 | H52: 380630000
D53: 0 | E53: 0 | F53: 0 | G53: 0 | H53: 0
A54: ख२. नळ खाते (विभागीय कार्यालय) | D54: 0 | E54: 0 | F54: 0 | G54: 0 | H54: 0
A55: १. कायम सेवकवर्ग वेतन | B55: XE12B###A | D55: 30500446 | E55: 35324245 | F55: 35079153 | G55: 35588000 | H55: 45000000
A56: क्षेत्रीय कार्यालयाने करावयाची योजनेतर कामे | B56: XE12B301/W6-# | D56: 0 | E56: 0 | F56: 0 | G56: 600000 | H56: 2000000
A57: क्षेत्रीय कार्यालयाने नागरिकांच्या सहभागातून करावयाची योजनेतर कामे | B57: XE12B302/C6-# | D57: 2639210 | E57: 3054966 | F57: 5632324 | G57: 7040000 | H57: 12800000
D58: 0 | E58: 0 | F58: 0 | G58: 0 | H58: 0
A59: ख२. बेरीज | D59: 33139656 | E59: 38379211 | F59: 40711477 | G59: 43228000 | H59: 59800000
D60: 0 | E60: 0 | F60: 0 | G60: 0 | H60: 0
A61: ख. एकूण बेरीज | D61: 256253506 | E61: 267956594 | F61: 287487085 | G61: 271508000 | H61: 440430000
D62: 0 | E62: 0 | F62: 0 | G62: 0 | H62: 0
A63: ग. पाणीमापके | D63: 0 | E63: 0 | F63: 0 | G63: 0 | H63: 0
A64: १. पाणीमापके दुरुस्ती | B64: XE12C101 | D64: 0 | E64: 0 | F64: 0 | G64: 204000 | H64: 200000
A65: ३. संगणक यंत्रासाठी तयार करावयाच्या फॉर्मचा मुशाहिरा | B65: XE12C103 | D65: 346500 | E65: 445252 | F65: 0 | G65: 480000 | H65: 480000
A66: ४. मीटर बीले वाटप करणे | B66: XE12C104 | D66: 0 | E66: 16187 | F66: 0 | G66: 437513 | H66: 430000
D67: 0 | E67: 0 | F67: 0 | G67: 0 | H67: 0
A68: ग. बेरीज | D68: 346500 | E68: 461439 | F68: 0 | G68: 1121513 | H68: 1110000
D69: 0 | E69: 0 | F69: 0 | G69: 0 | H69: 0
A70: च. मनपा सेवकांना द्यावयाचा महागाईभत्ता | B70: XE12F101 | D70: 5794585 | E70: 6764430 | F70: 7328815 | G70: 10000000 | H70: 15000000
A71: छ. नवीन वेतनश्रेणीनुसार द्यावयाच्या वेतनापोटी हप्ता | B71: XE12G101 | D71: 29766003 | E71: 20801776 | F71: 21175165 | G71: 50000000 | H71: 0
A72: ज. सानुग्रह अनुदान | B72: XE12H101 | D72: 18387661 | E72: 23926953 | F72: 24105719 | G72: 50000000 | H72: 0
A73: झ. मनपा सेवकांना प्रवासभत्ता सवलतीसाठी द्यावयाची रक्कम | B73: XE12I101 | D73: 898500 | E73: 467500 | F73: 749000 | G73: 7000000 | H73: 10000000
A74: थ. सेवानिवृत्ती वेतन व तोषदान | B74: XE12K101 | D74: 90000000 | E74: 110000000 | F74: 110000000 | G74: 150000000 | H74: 170000000
A75: प. पेट्रोल, डिझेल, टायर्स, सुटे भाग, देखभाल, दुरुस्ती | B75: XE12M101 | D75: 11999644 | E75: 14995497 | F75: 8496859 | G75: 8000000 | H75: 7000000
A76: ज्ञ१. कर्ज उभारण्याचा खर्च, कर्जाचे हप्ते व व्याज (मु.ले.) | B76: XE12Z101 | D76: 64345385 | E76: 60147000 | F76: 70458965 | G76: 208890987 | H76: 276424550
D77: 0 | E77: 0 | F77: 0 | G77: 0 | H77: 0
A78: १. पाणीपुरवठा एकूण बेरीज | D78: 1346033305 | E78: 1376612070 | F78: 1437953598 | G78: 1517082406 | H78: 1900568550
D79: 0 | E79: 0 | F79: 0 | G79: 0 | H79: 0
A80: १अ. पुणे लष्कर व खडकी पाणीपुरवठा | D80: 0 | E80: 0 | F80: 0 | G80: 0 | H80: 0
A81: क१. लष्कर पाणीपुरवठा | D81: 0 | E81: 0 | F81: 0 | G81: 0 | H81: 0
A82: १. कायम सेवकवर्ग वेतन | B82: XE12N101A | D82: 94526939 | E82: 115604957 | F82: 125571755 | G82: 130000000 | H82: 155000000
A83: २. संकीर्ण | B83: XE12N102 | D83: 598938 | E83: 605545 | F83: 591350 | G83: 800000 | H83: 1200000
A84: ३. पाण्याची किंमत | B84: XE12N103 | D84: 37362744 | E84: 36527109 | F84: 55250000 | G84: 44200000 | H84: 47200000
A85: ४. पाणी शुद्ध करणे, तद्‌नुषंगिक कामे करणे | B85: XE12N104 | D85: 3756567 | E85: 4790308 | F85: 5237396 | G85: 6400000 | H85: 7500000
A86: ५. प्रयोगशाळा सँपल टेस्टींगसाठी होणारा खर्च | B86: XE12N105 | D86: 390535 | E86: 331385 | F86: 333940 | G86: 800000 | H86: 880000
A87: ६. पंपिंग वीज खर्च | B87: XE12N106 | D87: 91318681 | E87: 132749520 | F87: 205299773 | G87: 104000000 | H87: 170000000
A88: ८. कोठी व इतर साहित्य खर्च | B88: XE12N108 | D88: 499263 | E88: 389253 | F88: 392453 | G88: 400000 | H88: 440000
A89: ९. पंपाचे डिझेल इंजिनसाठी व इतर इंजिनसाठी लागणारे तेल | B89: XE12N109 | D89: 0 | E89: 434555 | F89: 401925 | G89: 400000 | H89: 440000
A90: १३. पाणीपुरवठा केंद्र भवनाची देखभाल व दुरुस्ती | B90: XE12N117 | D90: 0 | E90: 0 | F90: 0 | G90: 400000 | H90: 440000
A91: १४. पाणीपुरवठा केंद्राच्या भवनातील दिवाबत्ती (वि.अ.) | B91: XE12N118 | D91: 0 | E91: 372881 | F91: 247504 | G91: 0 | H91: 0
A92: १६. पुणे लष्कर पाणीपुरवठा हद्दीतील व्हॉल्व्ह चालू करणे व बंद करणे | B92: XE12N120 | D92: 11361470 | E92: 10993857 | F92: 10664463 | G92: 12000000 | H92: 30000000
A93: १७. टँकरने पाणीपुरवठा करणे | B93: XE12N121 | D93: 12567033 | E93: 5183736 | F93: 9933536 | G93: 8800000 | H93: 15000000
... A97: २२. जुने लष्कर जलकेंद्र व संलग्न पंपिंग स्टेशन चालविणे (सेवकवर्ग पुरविणे, ठेकेदारी पध्दत) | B97: XE12N126 | D97: 0 | E97: 0 | F97: 0 | G97: 4000000 | H97: 7500000
D98: 0 | E98: 0 | F98: 0 | G98: 0 | H98: 0
A99: क१. लष्कर पाणीपुरवठा बेरीज | D99: 275188787 | E99: 326598224 | F99: 429562407 | G99: 333800000 | H99: 467200000
D100: 0 | E100: 0 | F100: 0 | G100: 0 | H100: 0
A101: क२. लष्कर पाणीपुरवठा (विभागीय कार्यालय) | D101: 0 | E101: 0 | F101: 0 | G101: 0 | H101: 0
A102: १. कायम सेवक वर्ग वेतन | B102: XE12N###A | D102: 2081655 | E102: 2851619 | F102: 5515675 | G102: 5420000 | H102: 7500000
D103: 0 | E103: 0 | F103: 0 | G103: 0 | H103: 0
A104: क२. बेरीज | D104: 2081655 | E104: 2851619 | F104: 5515675 | G104: 5420000 | H104: 7500000
D105: 0 | E105: 0 | F105: 0 | G105: 0 | H105: 0
A106: क. एकूण बेरीज | D106: 277270442 | E106: 329449843 | F106: 435078082 | G106: 339220000 | H106: 474700000
D107: 0 | E107: 0 | F107: 0 | G107: 0 | H107: 0
A108: ख१. खडकी व एसएनडीटी चतुःश्रृंगी पाणीपुरवठा | D108: 0 | E108: 0 | F108: 0 | G108: 0 | H108: 0
A109: १. कायम सेवकवर्ग वेतन | B109: XE12P101A | D109: 26873520 | E109: 15222673 | F109: 15931207 | G109: 20000000 | H109: 25000000
A110: २. संकीर्ण | B110: XE12P102 | D110: 197174 | E110: 120390 | F110: 192046 | G110: 248000 | H110: 300000
A111: ३. पाण्याची किंमत | B111: XE12P103 | D111: 19999344 | E111: 30000000 | F111: 25500000 | G111: 20400000 | H111: 25000000
A112: ४. पाणी शुद्ध करणे व तद्‌नुषंगिक कामे करणे | B112: XE12P104 | D112: 583569 | E112: 982656 | F112: 200894 | G112: 952000 | H112: 1000000
A113: ६. पंपिंग वीज खर्च | B113: XE12P106 | D113: 3954160 | E113: 17012820 | F113: 6372930 | G113: 5100000 | H113: 10000000
A114: १०. कोठी व इतर साहित्य खर्च | B114: XE12P110 | D114: 0 | E114: 0 | F114: 109176 | G114: 342000 | H114: 350000
A115: १५. पाणीपुरवठा केंद्र भवनाची देखभाल व दुरुस्ती (वि.अ.) | B115: XE12P117 | D115: 0 | E115: 500000 | F115: 0 | G115: 0 | H115: 0
A116: १७. टाक्‍यांची दुरुस्ती | B116: XE12P119 | D116: 0 | E116: 0 | F116: 496377 | G116: 1600000 | H116: 1800000
A117: १८. देखभाल दुरुस्त्या : नळदुरुस्ती व तातडीच्या दुरुस्त्या इत्यादी | B117: XE12P120 | D117: 20385108 | E117: 17033703 | F117: 16862280 | G117: 17600000 | H117: 40000000
A118: १९. व्हॉल्व्ह सोड बंद करणे | B118: XE12P121 | D118: 3073190 | E118: 5112070 | F118: 7312657 | G118: 5200000 | H118: 10000000
A119: २०. टँकरने पाणीपुरवठा करणे | B119: XE12P122 | D119: 2935742 | E119: 3060089 | F119: 3803772 | G119: 4400000 | H119: 22500000
D120: 0 | E120: 0 | F120: 0 | G120: 0 | H120: 0
A121: ख१. बेरीज | D121: 78001807 | E121: 89044401 | F121: 76781339 | G121: 75842000 | H121: 135950000
D122: 0 | E122: 0 | F122: 0 | G122: 0 | H122: 0
A123: ख२. खडकी व एसएनडीटी चतुःश्रृंगी पाणीपुरवठा (विभा. कार्या.) | D123: 0 | E123: 0 | F123: 0 | G123: 0 | H123: 0
A124: १. कायम सेवकवर्ग वेतन | B124: XE12P###A | D124: 839338 | E124: 358132 | F124: 308548 | G124: 1517000 | H124: 1500000
...

Sheet RevenueListC
A2: पाणीपुरवठा विभागाकडील कामाच्या याद्या
A5: यादी क्र. एसएक्स१
A6: पाणीपुरवठा विभागाकडील देखभाल दुरूस्तीची कामे
A7: XE12B115/SX1-
A9: क्र. | B9: code | C9: ward | E9: कामाचे नाव | F9: प्रकल्पीय रक्कम | G9: तरतूद
A11: 1 | B11: XE12B115/SX1-1 | C11: 3 | E11: प्रभाग क्र. ३ अ मध्ये विविध कनेक्शनची दुरूस्ती करणे | G11: 1000000
A12: 2 | B12: XE12B115/SX1-2 | C12: 3 | E12: प्रभाग क्र. ३ ब मधील विविध ठिकाणी बोअरवेल दुरुस्ती करणे व नविन घेणे | G12: 1000000
A13: 3 | B13: XE12B115/SX1-3 | C13: 6 | E13: प्रभाग क्र.६ अ मध्ये बोअरवेल बसविणे व दुरूस्त करणे | G13: 500000
A14: 4 | B14: XE12B115/SX1-4 | C14: 7 | E14: प्रभाग क्र. ७ ब मध्ये विविध ठिकाणी पाण्याची लाईन दुरूस्त करणे | G14: 1000000
A15: 5 | B15: XE12B115/SX1-5 | C15: 9 | E15: प्रभाग क्र.९ब, बाणेर - बालेवाडी परिसरामध्ये टँकरने पाणी पुरवठा करणे | G15: 2500000
A16: 6 | B16: XE12B115/SX1-6 | C16: 10 | E16: प्रभाग क्र.१० अ टँकरने पाणी पुरवठा करणे | G16: 1000000
A17: 7 | B17: XE12B115/SX1-7 | C17: 11 | E17: प्रभाग क्र.११ ब मध्ये विविध सोसायटयांमध्ये पाण्याचे टँकर पुरविणे. | G17: 500000
A18: 8 | B18: XE12B115/SX1-8 | C18: 13 | E18: प्रभाग क्र.१३ अ मध्ये विविध ठिकाणी जुन्या पाईपलाईन दुरूस्ती व बदलणे. | G18: 1000000
A19: 9 | B19: XE12B115/SX1-9 | C19: 23 | E19: प्रभाग क्र. २३ अ मध्ये भिमनगर, इंदिरानगर, पारगे चौक परिसरात विविध ठिकाणी नळकोंडाळे दुरूस्त करणे व तदनुषंगीक कामे करणे | G19: 1000000
A20: 10 | B20: XE12B115/SX1-10 | C20: 23 | E20: प्रभाग क्र.२३ ब मध्ये विविध ठिकाणी पाण्याच्या लाईन टाकणे व दुरूस्तीविषयक कामे करणे. | G20: 1000000
A21: 11 | B21: XE12B115/SX1-11 | C21: 23 | E21: प्रभाग क्र.२३ ब मध्ये विविध ठिकाणी नळकोंडाळे दुरूस्त करणे | G21: 1000000
A22: 12 | B22: XE12B115/SX1-12 | C22: 27 | E22: प्रभाग क्र. २७ ब प्रभागामध्ये विविध ठिकाणी टँकरने पाणीपुरवठा करणे | G22: 500000
... A40: 30 | B40: XE12B115/SX1-30 | C40: 74 | E40: प्रभाग क्र. ७४ ब मध्ये रस्ते खोदाईतील लाईन्स जिरविणे, जुने नादुररूस्त व्हॉल्व्ह बदलणे, टँकरने पाणी पुरवठा करणे, नव्याने जलवाहीन्या टाकणे व तदनुषंगीक कामे करणे | G40: 2500000
A41: 31 | B41: XE12B115/SX1-31 | E41: १५ क्षेत्रिय कार्यालयाअंतर्गत पाणी वापरासाठी जनजागृती करणे | G41: 7500000
E43: यादी क्र. एसएक्स१ एकूण | F43: 0 | G43: 43500000
A46: यादी क्र. एक्स2
A47: मलनिःस्सारण विभागाकडील देखभाल दुरूस्तीची कामे
A48: XE23A117/X2-
A50: क्र. | B50: code | C50: ward | E50: कामाचे नाव | F50: प्रकल्पीय रक्कम | G50: तरतूद
A52: 1 | B52: XE23A117/X2-1 | E52: भैरोबा नाल्यातील एस.टी.पी कडे जाणा-या जुन्या ड्रेनेज लाईन काढुन त्या ठिकाणी मोठया व्यासाच्या ड्रेनेज लाईन टाकणे व तद्‌नुषंगिक कामे करणे | G52: 1750000
A53: 2 | B53: XE23A117/X2-2 | E53: कल्याणीनगर पंपिगकडे जाणा-या जुन्या ड्रेनेज लाईन काढुन त्या ठिकाणी मोठया व्यासाच्या ड्रेनेज लाईन टाकणे व तद्‌नुषंगिक कामे करणे | G53: 1750000
A54: 3 | B54: XE23A117/X2-3 | E54: ढोलेपाटील क्षेत्रिय कार्यालया अंतर्गत पंपिग स्टेशनला जाणा-या जुन्या ड्रेनेज लाईन काढुन त्या ठिकाणी मोठया व्यासाच्या ड्रेनेज लाईन टाकणे व तद्‌नुषंगिक कामे करणे | G54: 1750000
A55: 4 | B55: XE23A117/X2-4 | E55: एरंडवणा मैलापाणी शुध्दीकरण केंद्राकडे येणा-या कर्वेनगरकडून येणा-या मलवाहिनीची देखभाल दुरूस्ती करणे. | G55: 1750000
A56: 5 | B56: XE23A117/X2-5 | E56: वारजे शुध्दीकरण केंद्राजवळील नाल्या मधील मलवाहिनीची दुरूस्ती करणे. | G56: 1750000
A57: 6 | B57: XE23A117/X2-6 | E57: औंध क्षेत्रिय कार्यालयांतर्गत देखभाल दुरूस्तीची कामे करणे. | G57: 2800000
A58: 7 | B58: XE23A117/X2-7 | E58: घोले रोड क्षेत्रिय कार्यालयांतर्गत देखभाल दुरूस्तीची कामे करणे. | G58: 2800000
A59: 8 | B59: XE23A117/X2-8 | E59: कोथरूड क्षेत्रिय कार्यालय अंतर्गत येणा-या मुख्य मलःवाहिन्यांची देखभाल दुरूस्ती करणे. | G59: 2800000
A60: 9 | B60: XE23A117/X2-9 | E60: वारजे कर्वेनगर क्षेत्रिय कार्यालय अंतर्गत येणा-या मुख्य मलःवाहिनीची देखभाल दुरूस्ती करणे. | G60: 2800000
A61: 10 | B61: XE23A117/X2-10 | E61: नगर रोड (वडगावशेरी) क्षे.कार्यालयचे कार्यक्षेत्रातील नाल्यातील मुळा मुठा नदीच्या तिरावरील व रस्त्यावरील मुख्य मलवाहिन्यांची देखभाल दुरूस्ती करणे व तदृनुषंगिक कामे करणे. | G61: 2800000
A62: 11 | B62: XE23A117/X2-11 | E62: येरवडा (जुने संगमवाडी) क्षे.कार्यालयाचे अखत्यारातील नाल्याच्या कडेच्या मुख्य मलवाहिन्यांची देखभाल दुरूस्ती करणे व तद्‌नुषंगिक कामे करणे. | G62: 2800000
A63: 12 | B63: XE23A117/X2-12 | E63: ढोले पाटिल क्षे.कार्यालयाचे आखत्यारातील नाल्याच्या कडेच्या मुख्य मलवाहिन्यांची देखभाल दुरूस्ती करणे व तदृनुषंगिक कामे करणे. | G63: 2800000
... A75: 24 | B75: XE23A117/X2-24 | E75: कोंढवा वानवडी व हडपसर कार्यालया अंतर्गत येणा-या नाल्यातील जुन्या ड्रेनेज लाईन काढुन त्या ठिकाणी मोठया व्यासाच्या ड्रेनेज लाईन टाकणे व तद्‌नुषंगिक कामे करणे | G75: 1400000
E77: यादी क्र. एक्स2 एकूण | F77: 0 | G77: 56000000
A80: यादी क्र. एसएक्स2
A81: मलनिःस्सारण विभागाकडील देखभाल दुरूस्तीची कामे
A82: XE23A117/SX2-
A84: क्र. | B84: code | C84: ward | E84: कामाचे नाव | F84: प्रकल्पीय रक्कम | G84: तरतूद
A86: 1 | B86: XE23A117/SX2-1 | C86: 1 | E86: प्रभाग क्र. १ ब (धानोरी) मधील विविध ठिकाणी ड्रेनेज साफसफाई करणे | G86: 2000000
A87: 2 | B87: XE23A117/SX2-2 | C87: 3 | E87: प्रभाग क्र. ३ अ मध्ये सर्व चेंबर मशीनद्वारे साफ करणे | G87: 1000000
A88: 3 | B88: XE23A117/SX2-3 | C88: 3 | E88: प्रभाग क्र. ३ अ मध्ये यमुनानगर वसाहतीत ड्रेनेज दुरूस्ती करणे | G88: 1000000
A89: 4 | B89: XE23A117/SX2-4 | C89: 3 | E89: प्रभाग क्र. ३ ब वैकफिल्ड व सिध्दार्थनगर झोपडपट्टीमधील चेंबर दुरुस्ती करणे, ड्रेनेज लाईन टाकणे व तदनुषंगिक कामे करणे | G89: 1000000
A90: 5 | B90: XE23A117/SX2-5 | C90: 3 | E90: प्रभाग क्र. ३ ब युमनानगर व संजय पार्क झोपडपट्टीमधील चेंबर दुरुस्ती करणे, ड्रेनेज लाईन टाकणे व तदनुषंगिक कामे करणे | G90: 1000000
A91: 6 | B91: XE23A117/SX2-6 | C91: 3 | E91: प्रभाग क्र. ३ ब मधील विविध ठिकाणच्या ड्रेनेज लाईन चॅम्पियन मशिनने साफ करणे | G91: 1000000
A92: 7 | B92: XE23A117/SX2-7 | C92: 4 | E92: प्रभाग क्र. ४अ, श्रमिकनगर,हिरामण मोझेनगर,कामगार नगर मध्ये विविध ठिकाणी ड्रेनेज लाईन व मॅनहोल चेंबर्स साफसफाई करणे. | G92: 2000000
A93: 8 | B93: XE23A117/SX2-8 | C93: 4 | E93: प्रभाग क्र. ४अ, विविध ठिकाणी नविन ड्रेनेज लाईन टाकणे व मलवाहिन्यांची जेटींग मशिनव्दारे साफसफाई करणे. | G93: 3000000
A94: 9 | B94: XE23A117/SX2-9 | C94: 4 | E94: प्रभाग क्र. ४अ, मधील नाला साफ करणे व दुरूस्ती करणे. | G94: 1000000
A95: 10 | B95: XE23A117/SX2-10 | C95: 5 | E95: प्रभाग क्र. ५ अ मध्ये पावसाळी नाले साफसफार्इ करणे | G95: 2000000
A96: 11 | B96: XE23A117/SX2-11 | C96: 6 | E96: प्रभाग क्र.६ अ मध्ये चॅम्पीयन मशीनने गाळ काढणे | G96: 1000000
A97: 12 | B97: XE23A117/SX2-12 | C97: 7 | E97: प्रभाग क्र. ७ ब मध्ये विविध ठिकाणी आरसीसी जाळया, चेंबर्स, कव्हर्स व लोखंडी जाळया टाकणे व पुरविणे | G97: 500000
... A286: 201 | B286: XE23A117/SX2-201 | C286: 74 | E286: प्रभाग क्र. ७४ ब मध्ये पावसाळी व ड्रेनेज लाईनची दुरूस्ती विषयक कामे करणे व तदनुषंगीक कामे करणे | G286: 1000000
E288: यादी क्र. एसएक्स2 एकूण | F288: 0 | G288: 261500000

Sheet CapitalExpenditureC
A1: सन 2016-17 चे योजनांतर्गत | I1: खर्चाबाबतचे अंदाजपत्रक
A2: अनुक्रमांक | B2: मान्यतेचा ठराव क्र. दिनांक (कोड) | C2: प्रभाग क्रमांक | D2: BPL | E2: कामाचे नाव अगर वर्णन | F2: दि. 31 मार्च 2016 अखेरपर्यंत केलेली तरतूद | I2: दि. 31 मार्च 2015 पर्यंतचा खर्चाचा नक्‍की आकडा | J2: 2015-16 मधील खर्चाची अंदाजी रक्कम | L2: 2016-17 साठी अधिक तरतूद | N2: 2016-17 साठी एकूण तरतूद | O2: प्रकल्पीय रक्कम
F3: कर्जातून | G3: महसूल निधीतून | H3: एकूण | J3: प्रत्यक्ष उपलब्ध तरतूद | K3: कर्जातून तरतूद | L3: कर्जातून | M3: महसूल निधी व इतर निधी
E11: 1. पाणीपुरवठा | F11: 0 | G11: 0 | H11: 0 | I11: 0 | J11: 0 | K11: 0 | M11: 0 | N11: 0
F12: 0 | G12: 0 | H12: 0 | I12: 0 | J12: 0 | K12: 0 | M12: 0 | N12: 0
A13: 1 | B13: ZE16A104# | E13: शहरामध्ये पाण्याच्या नवीन लाईन विकसित करणे | F13: 0 | G13: 5087759184 | H13: 5087759184 | I13: 4166555184 | J13: 921204000 | K13: 0 | M13: 826745000 | N13: 826745000
A14: 2 | B14: ZE16A106# | E14: शहरामध्ये पाण्याच्या टाक्या बांधणे / बोअरवेल घेणे | F14: 0 | G14: 78145020 | H14: 78145020 | I14: 78145020 | J14: 0 | K14: 0 | M14: 229360000 | N14: 229360000
A15: 3 | B15: ZE16A107# | E15: शहरामधील विविध जलशुध्दीकरण केंद्रामध्ये विद्युत / यांत्रिकीविषयक कामे करणे | F15: 0 | G15: 314067558 | H15: 314067558 | I15: 314067558 | J15: 0 | K15: 0 | M15: 103720000 | N15: 103720000
A16: 4 | B16: #+ | E16: सन २०१३-१४ मधील अपूर्ण कामांसाठी सन २०१४-१५ मध्ये उपलब्ध केलेली तरतूद | F16: 0 | G16: 962850882 | H16: 962850882 | I16: 962850882 | J16: 0 | M16: 0 | N16: 0
A17: 5 | B17: #+ | E17: सन २०१४-१५ मधील अपूर्ण कामांसाठी सन २०१५-१६ मध्ये उपलब्ध केलेली तरतूद | F17: 0 | G17: 1326896000 | H17: 1326896000 | I17: 0 | J17: 1326896000 | K17: 0 | M17: 0 | N17: 0
F18: 0 | G18: 0 | H18: 0 | I18: 0 | J18: 0 | K18: 0 | M18: 0 | N18: 0
E19: पाणीपुरवठा एकूण | F19: 0 | G19: 7769718644 | H19: 7769718644 | I19: 5521618644 | J19: 2248100000 | K19: 0 | M19: 1159825000 | N19: 1159825000
F20: 0 | G20: 0 | H20: 0 | I20: 0 | J20: 0 | K20: 0 | M20: 0 | N20: 0
F21: 0 | G21: 0 | H21: 0 | I21: 0 | J21: 0 | K21: 0 | M21: 0 | N21: 0
E22: 2. मलनिःसारण | F22: 0 | G22: 0 | H22: 0 | I22: 0 | J22: 0 | K22: 0 | M22: 0 | N22: 0
F23: 0 | G23: 0 | H23: 0 | I23: 0 | J23: 0 | K23: 0 | M23: 0 | N23: 0
A24: 1 | B24: ZE16B102# | E24: शहरामध्ये लहान व्यासाच्या मलवाहिन्या विकसित करणे | F24: 0 | G24: 3466547201 | H24: 3466547201 | I24: 2920047201 | J24: 546500000 | K24: 0 | M24: 540500000 | N24: 540500000
A25: 2 | B25: ZE16B103# | E25: शहरामध्ये नाला चॅनलायझेशन करणे / नाल्याला सिमाभिंत बांधणे व तद्नुषंगिक कामे करणे | F25: 0 | G25: 0 | H25: 0 | I25: 0 | J25: 0 | K25: 0 | M25: 84000000 | N25: 84000000
A26: 2 | B26: ZE16B104# | E26: शहरामध्ये मैलापाणी शुध्दीकरण केंद्रामध्ये स्थापत्यविषयक कामे करणे | F26: 0 | G26: 12066691 | H26: 12066691 | I26: 12066691 | J26: 0 | K26: 0 | M26: 34160000 | N26: 34160000
A27: 3 | B27: ZE16B105# | E27: शहरामध्ये मैलापाणी शुध्दीकरण केंद्रामध्ये विद्युत / यांत्रिकीविषयक कामे करणे | F27: 0 | G27: 0 | H27: 0 | I27: 0 | J27: 0 | K27: 0 | M27: 62448000 | N27: 62448000
B28: #+ | E28: सन २०१३-१४ मधील अपूर्ण कामांसाठी सन २०१४-१५ मध्ये उपलब्ध केलेली तरतूद | F28: 0 | G28: 30062970 | H28: 30062970 | I28: 30062970 | J28: 0 | M28: 0 | N28: 0
A29: 4 | B29: #+ | E29: सन २०१४-१५ मधील अपूर्ण कामांसाठी सन २०१५-१६ मध्ये उपलब्ध केलेली तरतूद | F29: 0 | G29: 21642000 | H29: 21642000 | I29: 0 | J29: 21642000 | K29: 0 | M29: 0 | N29: 0
F30: 0 | G30: 0 | H30: 0 | I30: 0 | J30: 0 | K30: 0 | M30: 0 | N30: 0
E31: मलनिःसारण एकूण | F31: 0 | G31: 3530318862 | H31: 3530318862 | I31: 2962176862 | J31: 568142000 | K31: 0 | M31: 721108000 | N31: 721108000
F32: 0 | G32: 0 | H32: 0 | I32: 0 | J32: 0 | K32: 0 | M32: 0 | N32: 0
E33: 3. पाणीपुरवठा प्रकल्प | F33: 0 | G33: 0 | H33: 0 | I33: 0 | J33: 0 | K33: 0 | M33: 0 | N33: 0
F34: 0 | G34: 0 | H34: 0 | I34: 0 | J34: 0 | K34: 0 | M34: 0 | N34: 0
A35: 1 | B35: ZE16C101# | E35: शहरामध्ये पाणीपुरवठा प्रकल्प अंतर्गत कामे करणे | F35: 0 | G35: 3108369699 | H35: 3108369699 | I35: 3097929699 | J35: 10440000 | K35: 0 | M35: 1077850000 | N35: 1077850000
A36: 2 | B36: ZE16C102# | E36: राष्ट्रीय नदी सुधारणा योजना (जायका) | F36: 0 | G36: 0 | H36: 0 | I36: 0 | J36: 0 | K36: 0 | M36: 910000000 | N36: 910000000
A37: 3 | B37: ZE16C103# | E37: पुणे शहरात तंत्रशुध्द पध्दतीने पाणीपुरवठा करण्याची योजना (24x7) | F37: 0 | G37: 0 | H37: 0 | I37: 0 | J37: 0 | K37: 0 | M37: 1864310000 | N37: 1864310000
A38: 0 | B38: #+ | E38: सन २०१३-१४ मधील अपूर्ण कामांसाठी सन २०१४-१५ मध्ये उपलब्ध केलेली तरतूद | F38: 0 | G38: 233428517 | H38: 233428517 | I38: 233428517 | J38: 0 | M38: 0 | N38: 0
B39: #+ | E39: सन २०१४-१५ मधील अपूर्ण कामांसाठी सन २०१५-१६ मध्ये उपलब्ध केलेली तरतूद | F39: 0 | G39: 216992000 | H39: 216992000 | I39: 0 | J39: 216992000 | K39: 0 | M39: 0 | N39: 0
F40: 0 | G40: 0 | H40: 0 | I40: 0 | J40: 0 | K40: 0 | M40: 0 | N40: 0
E41: पाणीपुरवठा प्रकल्प एकूण | F41: 0 | G41: 3558790216 | H41: 3558790216 | I41: 3331358216 | J41: 227432000 | K41: 0 | M41: 3852160000 | N41: 3852160000
F42: 0 | G42: 0 | H42: 0 | I42: 0 | J42: 0 | K42: 0 | M42: 0 | N42: 0
E43: 4. मलनिःसारण प्रकल्प | F43: 0 | G43: 0 | H43: 0 | I43: 0 | J43: 0 | K43: 0 | M43: 0 | N43: 0
F44: 0 | G44: 0 | H44: 0 | I44: 0 | J44: 0 | K44: 0 | M44: 0 | N44: 0
A45: 1 | B45: ZE16D101# | E45: मलनिःसारण प्रकल्प टप्पा क्र. १ | F45: 0 | G45: 3487876655 | H45: 3487876655 | I45: 3121452655 | J45: 366424000 | K45: 0 | M45: 0 | N45: 0
A46: 2 | B46: ZE16D102# | E46: शहरामध्ये मोठ्या व्यासाच्या मलवाहिन्या विकसित करणे | F46: 0 | G46: 0 | H46: 0 | I46: 0 | J46: 0 | K46: 0 | M46: 256502400 | N46: 256502400
A47: 0 | B47: #+ | E47: सन २०१३-१४ मधील अपूर्ण कामांसाठी सन २०१४-१५ मध्ये उपलब्ध केलेली तरतूद | F47: 0 | G47: 352112827 | H47: 352112827 | I47: 352112827 | J47: 0 | M47: 0 | N47: 0
B48: #+ | E48: सन २०१४-१५ मधील अपूर्ण कामांसाठी सन २०१५-१६ मध्ये उपलब्ध केलेली तरतूद | F48: 0 | G48: 247536000 | H48: 247536000 | I48: 0 | J48: 247536000 | K48: 0 | M48: 0 | N48: 0
F49: 0 | G49: 0 | H49: 0 | I49: 0 | J49: 0 | K49: 0 | M49: 0 | N49: 0
E50: मलनिःसारण प्रकल्प एकूण | F50: 0 | G50: 4087525482 | H50: 4087525482 | I50: 3473565482 | J50: 613960000 | K50: 0 | M50: 256502400 | N50: 256502400
F51: 0 | G51: 0 | H51: 0 | I51: 0 | J51: 0 | K51: 0 | M51: 0 | N51: 0
E52: क्षेत्रिय कार्यालयाने करावयाची कामे :- | F52: 0 | G52: 0 | H52: 0 | I52: 0 | J52: 0 | K52: 0 | M52: 0 | N52: 0
F53: 0 | G53: 0 | H53: 0 | I53: 0 | J53: 0 | K53: 0 | M53: 0 | N53: 0
A54: • | B54: ZE16A115# | C54: W6 | E54: क्षेत्रिय कार्यालय : पाणीपुरवठा विभागाने करावयाची कामे | F54: 0 | G54: 112114927 | H54: 112114927 | I54: 110314927 | J54: 1800000 | K54: 0 | M54: 700000 | N54: 700000
A55: • | B55: ZE16A117# | C55: C6 | E55: क्षेत्रिय कार्यालय : नागरिकांच्या सहभाग योजनेतून पाणीपुरवठा विभागाने करावयाची कामे | F55: 0 | G55: 55142046 | H55: 55142046 | I55: 53222046 | J55: 1920000 | K55: 0 | M55: 2520000 | N55: 2520000
F56: 0 | G56: 0 | H56: 0 | I56: 0 | J56: 0 | K56: 0 | M56: 0 | N56: 0
A57: • | B57: ZE16B113# | C57: W7 | E57: क्षेत्रिय कार्यालय : मलनिःसारण विभागाने करावयाची कामे | F57: 0 | G57: 326066031 | H57: 326066031 | I57: 299780031 | J57: 26286000 | K57: 0 | M57: 42280000 | N57: 42280000
A58: • | B58: ZE16B130# | C58: C7 | E58: क्षेत्रिय कार्यालय : नागरिकांच्या सहभाग योजनेतून मलनिःसारण विभागाने करावयाची कामे | F58: 0 | G58: 129736022 | H58: 129736022 | I58: 127462022 | J58: 2274000 | K58: 0 | M58: 13230000 | N58: 13230000
F59: 0 | G59: 0 | H59: 0 | I59: 0 | J59: 0 | K59: 0 | M59: 0 | N59: 0
E60: क्षेत्रिय कार्यालयाने करावयाची कामे एकूण बेरीज | F60: 0 | G60: 623059026 | H60: 623059026 | I60: 590779026 | J60: 32280000 | K60: 0 | M60: 58730000 | N60: 58730000
A62: • | B62: • | C62: • | D62: • | E62: पाणीपुरवठा एकूण | F62: 0 | G62: 7769718644 | H62: 7769718644 | I62: 5521618644 | J62: 2248100000 | K62: 0 | L62: 0 | M62: 1159825000 | N62: 1159825000 | O62: 0
A63: • | B63: • | C63: • | D63: • | E63: क्षेत्रिय कार्यालय : पाणीपुरवठा विभागाने करावयाची कामे | F63: 0 | G63: 167256973 | H63: 167256973 | I63: 163536973 | J63: 3720000 | K63: 0 | L63: 0 | M63: 3220000 | N63: 3220000 | O63: 0
A64: • | B64: ZE16A | C64: • | D64: • | E64: पाणीपुरवठा एकूण | F64: 0 | G64: 7936975617 | H64: 7936975617 | I64: 5685155617 | J64: 2251820000 | K64: 0 | L64: 0 | M64: 1163045000 | N64: 1163045000 | O64: 0
A65: • | C65: • | D65: •
A66: • | B66: • | C66: • | D66: • | E66: मलनिःसारण एकूण | F66: 0 | G66: 3530318862 | H66: 3530318862 | I66: 2962176862 | J66: 568142000 | K66: 0 | L66: 0 | M66: 721108000 | N66: 721108000 | O66: 0
A67: • | B67: • | C67: • | D67: • | E67: क्षेत्रिय कार्यालय : मलनिःसारण विभागाने करावयाची कामे | F67: 0 | G67: 455802053 | H67: 455802053 | I67: 427242053 | J67: 28560000 | K67: 0 | L67: 0 | M67: 55510000 | N67: 55510000 | O67: 0
A68: • | B68: ZE16B | C68: • | D68: • | E68: 3. पाणीपुरवठा प्रकल्प | F68: 0 | G68: 3986120915 | H68: 3986120915 | I68: 3389418915 | J68: 596702000 | K68: 0 | L68: 0 | M68: 776618000 | N68: 776618000 | O68: 0
A69: • | C69: • | D69: •
A70: • | B70: ZE16C | C70: • | D70: • | E70: पाणीपुरवठा प्रकल्प एकूण | F70: 0 | G70: 3558790216 | H70: 3558790216 | I70: 3331358216 | J70: 227432000 | K70: 0 | L70: 0 | M70: 3852160000 | N70: 3852160000 | O70: 0
A71: • | B71: ZE16D | C71: • | D71: • | E71: मलनिःसारण प्रकल्प एकूण | F71: 0 | G71: 4087525482 | H71: 4087525482 | I71: 3473565482 | J71: 613960000 | K71: 0 | L71: 0 | M71: 256502400 | N71: 256502400 | O71: 0
A72: • | B72: • | C72: • | D72: •
A73: • | B73: ZE Total | C73: • | D73: • | E73: पाणीपुरवठा + गटारे व नाले + पाणीपुरवठा प्रकल्प + मलनिःसारण प्रकल्प एकूण बेरीज | F73: 0 | G73: 19569412230 | H73: 19569412230 | I73: 15879498230 | J73: 3689914000 | K73: 0 | L73: 0 | M73: 6048325400 | N73: 6048325400 | O73: 0

Sheet CapitalListC
A2: पाणीपुरवठा विभागाकडील कामाच्या याद्या
A5: यादी क्र. पी२
A6: शहरामध्ये पाण्याच्या नवीन लाईन विकसित करणे
A7: ZE16A104/P2-
A9: क्र. | B9: code | C9: ward | E9: कामाचे नाव | F9: प्रकल्पीय रक्कम | G9: तरतूद
A11: 1 | B11: ZE16A104/P2-1 | C11: G | E11: येवलेवाडी येथील माळवाडी धांडेवस्ती, पाटीलवस्ती, पानसरेवस्ती, विणू मेहता सोसायटी परिसरामध्ये जलवाहिन्या विकसीत करणे. | F11: 5000000 | G11: 3500000
A12: 2 | B12: ZE16A104/P2-2 | C12: G | E12: एस. एन. डी. टी. एच. आर. टाकी ते चतुश्रृंगी टाकी दरम्यान एम. एस. जलवाहिनी टाकणे या कामामधील उर्वरीत कामे पुर्ण करणे. | F12: 40000000 | G12: 19600000
A13: 3 | B13: ZE16A104/P2-3 | C13: G | E13: प्रसार भारती ते चैतन्य हेल्थ क्लब पर्यत 800 मि. मी. पोलादी जलवाहिनी टाकणे. | G13: 3500000
A14: 4 | B14: ZE16A104/P2-4 | C14: G | E14: चांदणी चौक एस. एन. डी. टी. एच. एल. आर. एम. एल. आर. टाकीवर फ्लोमीटर बसविणे. | G14: 3500000
A15: 5 | B15: ZE16A104/P2-5 | C15: G | E15: बंडगार्डन पाणीपुरवठा अंतर्गत येणार्‍या मुख्य व इतर पाण्याच्या लाईन्सवर व्हॉल्व्ह टाकणे व इतर कामे करणे. | G15: 4900000
A16: 6 | B16: ZE16A104/P2-6 | C16: 23, 40 | E16: आंबेडकर रस्त्यावरील ससून हॉस्पीटल परिसरातील 27 इंची बाहेरील व्यास (24 इंची व्यासाच्या) पाण्याच्या लाईन हलविणे, स्लुईस व्हॉल्व्ह बसविणे व अनुषंगिक कामे करणे. | G16: 1680000
G17: 0
E18: सन 2015-16 मधील अपूर्ण कामांसाठी सन 2016-17 मध्ये उपलब्ध केलेली तरतूद | G18: 0
A19: 7 | B19: ZE16A104A/P2-1199+ | E19: लुल्लानगर चौक ते ज्योती हॉटेल पर्यंत 20'' व्यासाची एम.एस. नलिका टकाणे | G19: 700000
A20: 8 | B20: ZE16A104A/P2-1200+ | E20: ज्योती हॉटेल ते एन.आय.बी.एम. रोड कौसर बागपर्यंत 20'' व्यासाची एम.एस. नलिका टाकणे | G20: 4200000
A21: 9 | B21: ZE16A104A/P2-1201+ | E21: ज्योती हॉटेल ते एन.आय.बी.एम. रोड ब्रम्हा इस्टेट आतील रोड पर्यंत 8'' व्यासाची डी.आय. पाईप लाईन टाकणे | G21: 1400000
A22: 10 | B22: ZE16A104A/P2-157+ | E22: चांदणी चौक आवारात विविध ठिकाणी विकसित कामे करणे | G22: 1400000
A23: 11 | B23: ZE16A104A/P2-180+ | E23: चांदणी चौक टाकीच्या आवारात रस्ता करणे व तद्‌अनुषंगीक कामे करणे | G23: 1400000
A24: 12 | B24: ZE16A104A/P2-343+ | E24: चंद्रमा चौक ते शांतीनगर टॅक रोड पर्यत एम.एस पाण्याची लाईन टाकणे. | G24: 4200000
A25: 13 | B25: ZE16A104A/P2-742+ | E25: एलएलआर टाकी ते निलायम चित्रपटगह दरम्यान 1200 मि.मी.व्यासाची एम.एस लाईन टाकणे व फ्लो मीटर बसविणे,एलएलआर टाकीच्या कार्यकक्षेत फ्लो मीटर व कंट्रोल व्हॉल्व्ह बसविणे. | G25: 11900000
A26: 14 | B26: ZE16A104A/P2-1208+ | E26: प्रभाग क्र. 61 कोंढवा बायपास फाट्यापासून एन. आय. बी. एम. रस्त्याने 300 मि. मी. व्यासाची एम. एस. लार्इन टाकणे. | G26: 3500000
A27: 15 | B27: ZE16A104A/P2-1233+ | E27: बकरी हिल झोन 2 पासून शिवरकर रोड इनामदार हॉस्पीटल पर्यंत (विशाल मेगा मार्ट) 600 मि. मी. एम. एस. नलिका विकसीत करणे. 3 कि. मी. | G27: 4620000
A28: 16 | B28: ZE16A104A/P2-1244+ | E28: प्रभाग क्र. 45 हडपसर स.नं. 53/9+9ब+10 सलेन पार्क व हडपसर स.नं. 64/11+2 फॉरेस्ट हिल ई.एस.आर. करिता एम.एस. फिडर नलिका टाकणे | G28: 12250000
A29: 17 | B29: ZE16A104A/P2-293+ | E29: प्रभाग क्र. 45 उंड्रीचौक ते ऑर्चीड पॅलेस पर्र्यंत 8 इंची एम.एस.लाईन टाकणे | G29: 700000
A30: 18 | B30: ZE16A104A/P2-294+ | E30: प्रभाग क्र. 45 तरवडे वस्ती राजीव गांधीनगर येथे बुस्टर पंप बसविणे व रुम बांधणे. | G30: 1050000
... A38: 26 | B38: ZE16A104A/P2-101+ | E38: प्रभाग क्र. 11 मध्ये हायकंटुर लाईन विकसित करणे. | G38: 350000
A39: 27 | B39: ZE16A104A/P2-110+ | E39: होळकर जलकेंद्र ते खडकी टाकी रायसिंग मेन टाकणे | F39: 13500000 | G39: 1400000
A40: 28 | B40: ZE16A104A/P2-1286+ | E40: सी आय डी गेट पासून ते एन सी सी एल पर्यंत एम एस लाईन टाकणे | F40: 3800000 | G40: 1050000
A41: 29 | B41: ZE16A104A/P2-1295+ | E41: प्र.क्र.9 मध्ये हायकंटुरने पाण्याची लाईन टाकणे | F41: 2200000 | G41: 1050000
A42: 30 | B42: ZE16A104A/P2-1326 + | E42: एच.एल.आर. टाकी येथे सिमाभिंत बांधणे व विविध सुधारणा कामे करणे | G42: 1050000
A43: 31 | B43: ZE16A104A/P2-1327+ | E43: एम.एल.आर. टाकी येथे सिमाभिंत बांधणे व विविध सुधारणा कामे करणे | G43: 1400000
A44: 32 | B44: ZE16A104A/P2-1355+ | E44: चतुःश्रुंगी पाणीपुरवठा विभागा अंतर्गतची मागील बिले अदा करणे (कॉमन) | F44: 5000000 | G44: 3500000
A45: 33 | B45: ZE16A104A/P2-181+ | E45: खडकवासला ते वारजे जलशुध्दीकरण केंद्र दरम्यान १५२४ मि.मी. व्यासाच्या दाबनलिकेवरील वॉल्व्ह बदलणे, चेंबर बांधणे व १६२६ मि.मी. लाईनवरील तदअनुषंगिक काम करणे | G45: 1400000
A46: 34 | B46: ZE16A104A/P2-294+ | E46: प्रभाग क्र. 45 तरवडे वस्ती राजीव गांधीनगर येथे बुस्टर पंप बसविणे व रुम बांधणे. | G46: 840000
A47: 35 | B47: ZE16A104A/P2-310+ | E47: नविन लष्कर जलकेंद्राची क्षमता वाढविणेसाठी आवश्यक कामे करणे. | G47: 18480000
A48: 36 | B48: ZE16A104A/P2-312+ | E48: लष्कर जलकेद्र वितरण व्यवस्थे मागिल बिले देण्यासाठी आवश्यक तरतुद | G48: 700000
A49: 37 | B49: ZE16A104A/P2-340+ | E49: राजीव गांधी हॉपिस्टल ते चंद्रमा चौका पर्यत एम.एस ची पाण्याची लाईन टाकणे | G49: 7000000
A50: 38 | B50: ZE16A104A/P2-353+ | E50: प्रभाग क्र. 19 मध्ये विविध ठिकाणी पाण्याची लाईन टाकणे व तद्‌नुषंगिक पाणी पुरवठा विषयक कामे करणे | G50: 350000
A51: 39 | B51: ZE16A104A/P2-357+ | E51: प्रभाग क्र 19, सुंदराबाई शाळा ते टाटा गार्ड रुम नगर रोड चौक येथे 300 मि.मी व्यासाची एम.एस. पाण्याची नलिका टाकणे. | G51: 910000
A52: 40 | B52: ZE16A104A/P2-642+ | E52: नवीन लष्कर जलकेंद्र व उपसागृह चालविणे व देखभाल व दुरुस्ती करणे | G52: 5600000
A53: 41 | B53: ZE16A104A/P2-643+ | E53: लष्कर जलके्रद्र अंतर्गत बाह्य उपसागृह चालविणे व देखभाल व दुरुस्ती करणे | G53: 5600000
A54: 42 | B54: ZE16A104A/P2-648+ | E54: बालेवाडी गावठाण येथे संपवेल बांधणे. | F54: 7200000 | G54: 1050000
A55: 43 | B55: ZE16A104A/P2-727+ | E55: प्रभाग क्र. 75 राजीव गांधी संपवेल कात्रज पंपींग दरम्यान 800मि. मी. व्यासाची रायझींग मेन टाकणे. | F55: 13000000 | G55: 4200000
A56: 44 | B56: ZE16A104A/P2-934+ | E56: वेताळबाबा चौक ते भाभा हॉस्पीटल दरम्यानची प्रिस्टेन्ड लाईन बदलून एम.एस. लाईन टाकणे | F56: 9000000 | G56: 1050000
A57: 45 | B57: ZE16A104A/P2-972+ | E57: गांधीभवन झोन मधील रायझींग/ग्रॅव्हीटी मेनवर तातडीच्या दुरुस्त्या करणे आवश्यक तेनुसार एअर व्हॉलव्ह, स्लुईस वहॉल्व्ह यांच्या दुरुस्ती करणे / बदलणे | G57: 700000
A58: 46 | B58: ZE16A104A/P2-973+ | E58: चांदणी चौक टाकी झोन मधील रायझींग/ग्रॅव्हीटी मेनवर तातडीच्या दुरुस्त्या करणे आवश्यक तेनुसार एअर व्हॉलव्ह ,स्लुईस वहॉल्व्ह यांच्या दुरुस्ती करणे / बदलणे | G58: 700000
A59: 47 | B59: ZE16A104A/P2-974+ | E59: एस.एन.डी.टी.एच.एल.आर झोन मधील रायझींग/ग्रॅव्हीटी मेनवर तातडीच्या दुरुस्त्या करणे आवश्यक तेनुसार एअर व्हॉलव्ह ,स्लुईस वहॉल्व्ह यांच्या दुरुस्ती करणे / बदलणे | G59: 700000
A60: 48 | B60: ZE16A104A/S5-104+ | E60: रेल्वे लाईन ते साऊथ मेन 10 इंची पाण्याची लाईन टाकणे. | G60: 5250000
A61: 49 | B61: ZE16A104A/S5-1132+ | E61: प्रभाग क्र. ३० ब मध्ये जुनी वारजे पाणी टाकी ते वारजे फिल्टर प्लँट पाण्याची लाईन टाकणे | G61: 700000
A62: 50 | B62: ZE16A104A/S5-114+ | E62: प्र.क्र.24 ब मधील जुना तोफखाना भागात 6 इंची पाण्याची लाईन टाकणे | G62: 700000
A63: 51 | B63: ZE16A104A/S5-1175+ | E63: प्रभाग क्र. 9 मधील नवीन विकसित भागात 4इंची, 6इंची, 8 इंची जलवाहिनी टाकणे | F63: 40000000 | G63: 19250000
A64: 52 | B64: ZE16A104A/S5-1254+ | E64: प्रभाग क्र. २७ मध्ये सुतारदरा, किष्कींदानगर, जयभवानीनगर येथे विविध व्यासाची पाण्याची लाईन टाकणे | G64: 350000
A65: 53 | B65: ZE16A104A/S5-138+ | E65: प्रभाग क्र.२७ अ खंडोबामाळ परिसरामध्ये विविध ठिकाणी २ इंची पाणी लाईन टाकणे | G65: 350000
A66: 54 | B66: ZE16A104A/S5-140+ | E66: प्रभाग क्र.२७ ब किष्कींदानगर, सुतारदरा, जयभवानी नगर येथे तसेच प्रभागामध्ये विविध ठिकाणी विविध व्यासाच्या पाण्याच्या लाईन टाकणे | G66: 350000
A67: 55 | B67: ZE16A104A/S5-141+ | E67: प्रभाग क्र.२७ ब शिवतीर्थनगर ते सुतारदरा येथे पाण्याच्या पाण्याची एम.एस.लाईन टाकणे. | G67: 700000
A68: 56 | B68: ZE16A104A/S5-1441+ | E68: प्र.क्र. 9 विविध ठिकाणी जलवितरण नलिका विकसित करणे | F68: 2200000 | G68: 2800000
A69: 57 | B69: ZE16A104A/S5-1442+ | E69: चव्हाणनगर ते चतुःश्ररुंगी पाण्याच्या टाकीपर्यंत मुख्य जलवाहिनी टाकणे | F69: 20000000 | G69: 1750000
A70: 58 | B70: ZE16A104A/S5-148+ | E70: प्रभाग क्र.२९ अ भुसारी कॉलनी परिसरात विविध ठिकाणी पाण्याची लाईन टाकणे | G70: 1750000
A71: 59 | B71: ZE16A104A/S5-149+ | E71: प्रभाग क्र.२९ अ बावधान परिसरात विविध ठिकाणी पाण्याची लाईन टाकणे | G71: 1050000
A72: 60 | B72: ZE16A104A/S5-1638+ | E72: प्र.क्र. 11ब मॅफको पाण्याची टाकी दुरूस्ती करणे | G72: 3500000
A73: 61 | B73: ZE16A104A/S5-169+ | E73: प्रभाग क्र.३४ अ, मधील आयकर सोसायटी येथील नवीन ४ इंची पाण्याची लाईन टाकणे. | G73: 700000
A74: 62 | B74: ZE16A104A/S5-170+ | E74: प्रभाग क्र.३४ अ मधील गुजरात कॉलनी भेलकेनगर परिसरामध्ये जुन्या छोट्या व्यासाच्या जलवाहिन्या बदलून नविन जलवाहिन्या टाकणे. | G74: 700000
A75: 63 | B75: ZE16A104A/S5-171+ | E75: प्रभाग क्र.३४ अ मधील शिवशक्ती सोसायटी, मिलन सोसायटी, ईशदान सोसायटी परिसरामध्ये नवीन जलवाहीनी टाकणे | G75: 700000
A76: 64 | B76: ZE16A104A/S5-172+ | E76: प्रभाग क्र.३४ ब मध्ये विविध ठिकाणी पावसाळी पाण्याची लाईन टाकणे | G76: 700000
A77: 65 | B77: ZE16A104A/S5-173+ | E77: प्रभाग क्र.३४ ब आयडीयल व मयुर कॉलनी मध्ये पिण्याची लाईन टाकणे | G77: 350000
A78: 66 | B78: ZE16A104A/S5-174+ | E78: प्रभाग क्र.३४ ब मध्ये विविध ठिकाणी पिण्याच्या पाण्याची लाईन टाकणे | G78: 350000
A79: 67 | B79: ZE16A104A/S5-35+ | E79: प्र.क्र. 9 मध्ये पाषाणकर गॅरेज खिंड ते जकातनाका बालेवाडी मुख्य जलवाहिनी टाकणे | F79: 10000000 | G79: 4900000
A80: 68 | B80: ZE16A104A/S5-43+ | E80: प्र.क्र. 10ब सूस रोड येथील पाण्याच्या लाईन शिफटींग करणे | F80: 2000000 | G80: 700000
A81: 69 | B81: ZE16A104A/S5-47+ | E81: प्र.क्र. 11अ मधील विविध ठिकाणी पाण्याची लाईन टाकणे | F81: 3800000 | G81: 1400000
A82: 70 | B82: ZE16A104A/S5-55+ | E82: प्र.क्र. 12 अ विविध ठिकाणी पाण्याची लाईन टाकणे | F82: 1000000 | G82: 700000
A83: 71 | B83: ZE16A104A/S5-59+ | E83: प्र.क्र. 13अ मध्ये विविध ठिकाणी जुन्या पाईपलाईन दुरूस्ती व बदलणे | F83: 950000 | G83: 665000
A84: 72 | B84: ZE16A104A/S5-78+ | E84: प्रभाग क्र.17 ब कल्याणीनगर भागातील पाणीपुरवठा सुधारणेसाठी विविध ठिकाणी पाण्याच्या लाईन टाकणे | G84: 700000
A85: 73 | B85: ZE16C101/PR1-539+ | E85: वडगाव स. नं. 45 इन्स्टिट्यूट ई.एस.आर. पासून वडगाव झोन करिता वितरण व्यवस्था करणे. | F85: 10000000 | G85: 2800000
A86: 74 | B86: ZE16C101/PR1-559 + | E86: चांदणी चौक झोनमध्ये वितरण व्यवस्था विकसीत करणे. | G86: 1400000
A87: 75 | B87: ZE16C101/PR1-623+ | E87: बाणेर बालेवाडी भागातील जलवितरण व्यवस्था तयार करणे. | F87: 44000000 | G87: 3500000
A88: 76 | B88: ZE16C101/PR1-624+ | E88: सुस व बाणेर टाकीपासून वितरण व्यवस्था तयार करणे | F88: 51700000 | G88: 4900000
A89: 77 | B89: ZE16C101/PR1-625+ | E89: एसएनडीटी एचएलआर टाकी ते चतुःश्रृंगी टाकीपर्यंत पाण्याची 1200 मि.मि. व्यासाची नलिका टाकणे | F89: 102500000 | G89: 26250000
A90: 78 | B90: ZE16C101/PR1-643+ | E90: कर्वेनगर परिसरासाठी मुख्य वितरण व्यवस्था तयार करणे. टप्पा क्र.2 | G90: 3500000
A91: 79 | B91: ZE16C101/PR1-756+ | E91: एस.एन.डी.टी कॉलेज ते रेस्कॉन कंपनी दरम्यानची 1200मि.मि. व्यासाची जुनी प्रिस्टे्रड लाईन बदलून नवीन एम.एस.लाईन टाकणे | F91: 10000000 | G91: 8750000
E93: यादी क्र. पी२ एकूण | F93: 396850000 | G93: 252245000
A96: यादी क्र. एसपी२
A97: शहरामध्ये पाण्याच्या नवीन लाईन विकसित करणे
A98: ZE16A104/SP2-
A100: क्र. | B100: code | C100: ward | E100: कामाचे नाव | F100: प्रकल्पीय रक्कम | G100: तरतूद
A102: 1 | B102: ZE16A104/SP2-1 | C102: 1 | E102: प्रभाग क्र. १ अ मध्ये विविध ठिकाणी ४ इंची, ६ इंची पाण्याची पाईप लाईन टाकणे | G102: 3000000
A103: 2 | B103: ZE16A104/SP2-2 | C103: 1 | E103: प्रभाग क्र. १ ब (धानोरी) मधील विविध ठिकाणी पिण्याच्या पाण्याची पाईप लाईन टाकणे | G103: 4000000
A104: 3 | B104: ZE16A104/SP2-3 | C104: 2 | E104: प्रभाग क्र. २ अ मध्ये विविध ठिकाणी ६ इंची पाण्याची लाईन टाकणे | G104: 2000000
A105: 4 | B105: ZE16A104/SP2-4 | C105: 2 | E105: प्रभाग क्र. २ ब मध्ये ख्रिश्चन दफन भूमी व लिंगायत दफनभूमी येथे पाण्याची व्यवस्था करणे | G105: 1000000
A106: 5 | B106: ZE16A104/SP2-5 | C106: 2 | E106: प्रभाग क्र. २ ब मध्ये विविध ठिकाणी ४ इंची पाण्याची लाईन टाकणे | G106: 2000000
A107: 6 | B107: ZE16A104/SP2-6 | C107: 3 | E107: प्रभाग क्र. ३ अ मध्ये सोपाननगर , सोमनाथनगर, गणेशनगर येथे पाण्याची लाईन टाकणे | G107: 1000000
A108: 7 | B108: ZE16A104/SP2-7 | C108: 3 | E108: प्रभाग क्र. ३ अ मध्ये दत्त प्रसाद खराडी येथे पाण्याची लाईन टाकणे | G108: 1000000
A109: 8 | B109: ZE16A104/SP2-8 | C109: 3 | E109: प्रभाग क्र. ३ अ मध्ये पाणी पुरवठा विषयक कामे करणे | G109: 1000000
A110: 9 | B110: ZE16A104/SP2-9 | C110: 3 | E110: प्रभाग क्र. ३ ब मधील विविध ठिकाणी मुख्य पाण्याच्या लाईन्स टाकणे | G110: 2500000
A111: 10 | B111: ZE16A104/SP2-10 | C111: 3 | E111: प्रभाग क्र. ३ ब मधील विविध ठिकाणी पाण्याचे नेटवर्क विकसित करणे | G111: 1000000
A112: 11 | B112: ZE16A104/SP2-11 | C112: 4 | E112: प्रभाग क्र. ४ ब मधील पाणी पुरवठाविषयक विविध कामे करणे | G112: 2000000
A113: 12 | B113: ZE16A104/SP2-12 | C113: 5 | E113: प्रभाग क्र. ५ अ मध्ये विश्रांतवाडी कळस मध्ये भामा आसखेड पाण्याची ८०० मी. लार्इन टाकणे व विविध विकास कामे करणे | G113: 3000000
... A443: 342 | B443: ZE16A104/SP2-342 | C443: 62 | E443: प्रभाग क्र.६२ ब गोकुळनगर महागणेश कॉलनी परिसरात पाणी पुरवठा वितरण व्यवस्था करणे | G443: 2000000
A444: 343 | B444: ZE16A104/SP2-343 | E444: संतोषनगर, आंबेगाव परिसरात विविध ठिकाणी पाण्याच्या लार्इन टाकणे | G444: 5000000
A445: 344 | B445: ZE16A104/SP2-344 | E445: आंबेगाव, भारती विद्यापीठ परिसरातील रस्ते सुधारणा विषयक कामे करणे | G445: 4500000
A446: 345 | B446: ZE16A104/SP2-345 | C446: 69 | E446: प्रभाग क्र.69 ब मध्ये विविध ठिकाणी पिण्याच्या पाण्याची लार्इन टाकणे | G446: 2500000
...

Sheet JNNURM
A1: • | B1: • | C1: • | D1: • | E1: code | F1: ज.ने.रा.श.पु.अ., अमृत व स्मार्ट सिटी आभियान | G1: सुधारित मंजूर तरतूद | H1: सन 2016-17 साठी आवश्यक तरतूद (स्था)
H2: 0
H3: 0
A4: 2 | F4: बीआरटी फेज १ : | H4: 0
H5: 0
B6: 1 | F6: येरवडा ते विश्रांतवाडी : | H6: 0
C7: A | E7: FE34A101A | F7: येरवडा ते डेक्कन कॉलेज | G7: 84570000 | H7: 10500000
C8: B | E8: FE34A101B | F8: डेक्कन कॉलेज ते बॉम्बे सैपर्स | G8: 106920000 | H8: 14000000
H9: 0
F10: येरवडा ते विश्रांतवाडी : एकूण | H10: 24500000
H11: 0
F12: बीआरटी फेज १ : एकूण | H12: 24500000
H13: 0
H14: 0
H15: 0
A16: 5 | F16: नदीसुधारणा प्रकल्प २ : | H16: 0
B17: 2 | E17: FE37A102 | F17: नदीपात्रात चॅनेलायझेशन करणे | G17: 494200000 | H17: 3500000
H18: 0
F19: नदीसुधारणा प्रकल्प २ : एकूण | H19: 3500000
H20: 0
A21: 6 | F21: शहरी गरिबांसाठी मुलभूत सुविधा (बीएसयूपी) : | H21: 0
B22: 1 | D22: P | E22: FE38A101 | F22: शहरी गरिब व आर्थिक मागासांसाठी एकात्मिक पुनर्वसन योजना तयार करून हडपसर येथे ६००० घरे बांधून करणे | G22: 1092520000 | H22: 35000000
B23: 3 | D23: P | E23: FE38A103 | F23: शहरी गरिब व आर्थिक मागासांसाठी एकात्मिक पुनर्वसन योजना तयार करून वारजे येथे २५७६ घरे बांधून करणे | G23: 630876000 | H23: 1400000
B24: 7 | D24: PL | E24: FE38A107 | F24: डॉरमेटरीज बांधणे या घटकांतर्गत महिलांसाठी ट्रॅन्झिट होस्टेल बांधणे | G24: 218545000 | H24: 700000
B25: 8 | E25: FE38A108 | F25: इन सिटू रिहॅबीलीटेशन | G25: 1404200000 | H25: 231000000
H26: 0
F27: शहरी गरिबांसाठी मुलभूत सुविधा (बीएसयूपी) : एकूण | H27: 268100000
H28: 0
A29: 7 | F29: कॉमन वेल्थ युवा स्पर्धा : | H29: 0
B30: 1 | F30: बस रॅपिड ट्रान्स्पोर्ट (बीआरटी) कॉरिडॉर्स : | H30: 0
C31: F | E31: FE41A101F | F31: एअरपोर्ट रस्ता ते डेक्कन कॉलेज हॉट मिक्स प्लॅन्ट मार्ग | G31: 406500000 | H31: 24150000
H32: 0
F33: बस रॅपिड ट्रान्स्पोर्ट (बीआरटी) कॉरिडॉर्स : एकूण | H33: 24150000
H34: 0
F35: कॉमन वेल्थ युवा स्पर्धा : एकूण | H35: 24150000
H36: 0
A37: 12 | F37: पावसाळी गटारे व नाला चॅनेलायझेशन अंतर्गत नवीन कामे केंद्राकडे मान्यतेसाठी सादर : | H37: 0
B38: 3 | E38: FE46A103 | F38: खराडी बेसिन | G38: 413113000 | H38: 17500000
B39: 6 | E39: FE46A106 | F39: ड्रेनेज लाईन स्वच्छतेसाठी उपकरणे खरेदी | G39: 40000000 | H39: 28000000
H40: 0
F41: पावसाळी गटारे व नाला चॅनेलायझेशन अंतर्गत नवीन कामे केंद्राकडे मान्यतेसाठी सादर : एकूण | H41: 45500000
H42: 0
A43: 14 | E43: FE48A101 | F43: जे.एन.एन.यु.आर.एम,अमृत व स्मार्ट सिटी आभियानांतर्गत प्रकल्पा संबधित केंद्रशासन व राज्यशासनाशी समन्वय साधणेसाठी पी आय यु सेल | G43: 5400000 | H43: 10500000
H44: 0
A45: 16 | E45: FE49A103 | F45: जेएनएनयूआरएम अंतर्गत पीएमपीएमएल ३०० बस खरेदीसाठी (टिप : पहिला हप्ता प्राप्त झाल्यानंतरच निधी खर्च करण्यात येईल.) | H45: 39735500
E46: FE49A104 | F46: जे.एन.एन.यु.आर.एम.वाढीव कालावधी मध्ये मंजूर झालेले तसेच अमृत आभियांनामध्ये समावेश झालेल्या भामा आसखेड पाणी पुरवठा योजनेसाठीची तरतूद | H46: 910000000
E47: FE49A105 | F47: जे.एन.एन.यु.आर.एम.वाढीव कालावधी मध्ये मंजूर झालेले तसेच अमृत आभियांनामध्ये समावेश झालेल्या वडगाव बुद्रुक प्रकल्पासाठीची तरतूद | H47: 385000000
H48: 0
A49: 17 | E49: FE50A102 | F49: नाला बेसिन टप्पा २ प्रकल्पाचा विस्तृत प्रकल्प अहवाल (डीपीआर) बनविणार्‍या तज्ञ सल्लागार कंपनीस फी आदा करणे. (सदर प्रकल्प मंजूर झाला असून सदर प्रकल्पाचा आपपर्यंत निधी वितरीत झालेला नाही.) | H49: 14000000
E50: FE50A103 | F50: अमृत अभियान अंतर्गत नव्याने सुरु होणाऱ्या प्रकल्पांसाठी तरतूद | H50: 196000000
E51: FE50A104 | F51: स्मार्ट सिटी अभियान अंतर्गत नव्याने सुरु होणाऱ्या प्रकल्पांसाठी तरतूद (केंद्रशासन व राज्यशासन अनुदानासहित) | H51: 1250690000
E52: FE50A105 | F52: स्मार्ट सिटी अभियान अंतर्गत तज्ञ सालागारांची फी अदा करणेबाबत | H52: 35000000
H53: 0
A54: • | B54: • | C54: • | D54: • | E54: • | F54: ज.ने.रा.श.पु.अ., अमृत व स्मार्ट सिटी आभियान एकूण | H54: 3206675500
H55: 0
F56: ( टीप१ :- जवाहरलाल नेहरू नागरी पुनर्निर्माण योजना निधीतून काम पूर्ण होण्यासाठी आवश्यक असलेल्या रकमेपर्यंत खर्च करण्यात येईल.) | H56: 0
F57: ( टीप२ :- केंद्र शासनाकडून प्रकल्प मान्य होऊन पहिला हप्ता प्राप्त झाल्यानंतरच खर्च करण्यात येईल.) | H57: 0
H58: 0
H59: 0
A60: • | B60: • | C60: • | D60: • | E60: • | F60: ज.ने.रा.श.पु.अ., अमृत व स्मार्ट सिटी आभियान - एकूण बेरीज | H60: 3206675500

Sheet SPV
F1: àH$ënr` aŠH$_ | G1: 1617 ñWm`r g{_Vr
E2: gmd©O[ZHŸ dmhVyHŸ gwYmaUm d [deof àHŸën [d^mJm_m\Ÿ©V HŸamd`mMr HŸm_o : | G2: 0
G3: 0
A4: 1 | C4: FE61A103 | E4: hmoiH$a nyb | F4: 620000000 | G4: 0
A5: 2 | C5: FE61A104 | E5: ~§S>JmS>©Z ZOrH$ ZdrZ nwbmMo ~m§YH$m_ H$aUo. | F5: 325000000 | G5: 0
A6: 3 | C6: FE61A105 | E6: hmoiH$a nyb Vo M§Ð_m Mm¡H$ añVm ê§$XrH$aUo d CÈ>mUnyb ~m§YUo. | F6: 196000000 | G6: 0
A7: 4 | C7: FE61A106 | E7: qghJS> añË`mda Ym`ar \$mQ>m `oWo H$mbì`mda nwb ~m§YUo. | F7: 290000000 | G7: 0
A8: 5 | C8: FE61A106A | E8: qghJS> añË`mda Ym`ar \$mQ>m `oWo CÈ>mUnybmOdio añVm Xþê$ñVr d BVa H$m_o H$aUo | F8: 4300000 | G8: 0
A9: 6 | C9: FE61A107 | E9: हडपसर ते सासवड फाटा येथे उड्डाणपूल बांधणे. | F9: 320000000 | G9: 14000000
A10: 9 | C10: FE61A110 | E10: {edmOrZJa aoëdo ñQ>oeZ Vo e{Zdma dmS>m ñH$m` dm°H$ V`ma H$aUo | F10: 400000000 | G10: 0
A11: 10 | C11: FE61A111 | E11: हांडेवाडी (ससाने नगर) येथे रेल्वे उड्डाणपूल बांधणे | F11: 350000000 | G11: 70000000
A12: 11 | C12: FE61A112 | E12: EgEgnrE_Eg _hm{dÚmb` Vo ~§S>JmS>©Z añË`mMo ~m§YH$m_ H$aUo. | F12: 680000000 | G12: 0
A13: 12 | C13: FE61A113 | E13: खडकी रेल्वे स्टेशन येथे फुट ओव्हर ब्रीज बांधणे. | F13: 18000000 | G13: 3500000
G14: 0
A15: 13 | C15: FE61A118# | E15: gmd©O{ZH$ dmhVyH$ gwYmaUm H$m_o …- (Comprehensive Mobility Plan) | G15: 0
C16: FE61A118/A-102 | D16: 2 | E16: ñnoeb nanO ìho{hH$b ñWmnZogmR>r _ZnmMm {hñgm | F16: 50000000 | G16: 0
C17: FE61A118/A-103 | D17: 3 | E17: `oadS>m `oWo CÈ>mUnyb ~m§YUo. | F17: 700000000 | G17: 0
C18: FE61A118/A-104 | D18: 4 | E18: A[^`m§{ÌH$s _hm{dÚmb` CÈ>mUnyb ~m§YUo. | F18: 300000000 | G18: 0
C19: FE61A118/A-105 | D19: 5 | E19: {e_bm hmD$g Vo g§MoVr Xaå`mZ CÈ>mUnyb ~m§YUo. | F19: 250000000 | G19: 0
C20: FE61A118/A-106 | D20: 6 | E20: ZJa amoS> Vo IamS>r amoS> Xaå`mZ CÈ>mUnyb ~m§YUo. | F20: 392000000 | G20: 0
C21: FE61A118/A-107 | D21: 7 | E21: _§wT>dm `oWo CÈ>mUnyyb ~§mYUo. | F21: 195000000 | G21: 0
C22: FE61A118/A-109 | D22: 9 | E22: goZmnVr ~mnQ> _mJ© (~mam_Vr hm°ñQ>ob) Vo nm¡S> amoS> (E_Am`Q>r) ~moJÚmMo ~m§YH$m_ H$aUo | F22: 1200000000 | G22: 0
C23: FE61A118/A-117 | D23: 17 | E23: IamS>r `oWo ZXrda nwb ~m§YUo | F23: 210000000 | G23: 0
C24: FE61A118/A-118 | D24: 18 | E24: emñÌrZJa Mm¡H$mV CÈ>mUnyb ~m§YUo. | F24: 715000000 | G24: 0
C25: FE61A118/A-119 | D25: 19 | E25: ZJa amoS> ~m`nmg amoS> gìh¡« Z§. 43 IamS>r `oWo CÈ>mUnyb ~m§YUo. | G25: 0
C26: FE61A118/A-120 | D26: 20 | E26: Xmê$dmbm nwb Vo Xþe^Å>r nm[Hª$J ì`dñWm H$aUo. | G26: 0
C27: FE61A118/A-121 | D27: 21 | E27: Xmê$dmbm nwb `oWo ZdrZ nwb ~m§YUo. | G27: 0
C28: FE61A118/A-122 | D28: 22 | E28: {gh§JS> amoS>, [h¨JUo ~g ñQ>m°n Vo _mo[hVo Q>mD$Z{en `oWo CÈ>mUnyb ~m§YUo. | G28: 0
C29: FE61A118/A-123 | D29: 23 | E29: g§MoVr hm°ñnrQ>b Vo I§S>moOr ~m~m Mm¡H$ B{bìhoQ>oS> añVm H$aUo. | G29: 0
C30: FE61A118/A-124 | D30: 24 | E30: _§wT>dm IamS>r ~m`nmg amoS> g.Z§. 8 Vo g.Z§. 12 `oWo CÈ>mUnyb ~m§YUo. | G30: 0
C31: FE61A118/A-125 | D31: 25 | E31: IamS>r, _m§Oar gmS>ogVam Zir OmoS>Umè`m añË`mda _wim-_wR>m ZXrda nwb ~m§YUo d añVm H$aUo. | G31: 0
C32: FE61A118/A-126 | D32: 26 | E32: EgEZS>rQ>r àdoeÛmam nmgyZ gwê$ hmoUmam H°$Zm°b añVm bm° H$mo°boO _mJ©o {d.g. Im§S>oH$a Mm¡H$mV {OWo {_iVmo {VWn`ªV g§nyU©|$ê§$XrMm B{bìhoQ>oS> añVm/ CÈ>mUnyb ~m§YUo. | F32: 670000000 | G32: 0
C33: FE61A118/A-127 | D33: 27 | E33: dg§VXmXm nwVim Mm¡H$ Vo H$mH$mgmho~ JmS>Jri Mm¡H$ (e{Zdma dmS>m) n`ªV g§nyU© ~mOramV añVm g§nyU© ê§$XrMm B{bìhoQ>oS> H$aUo. | G33: 0
C34: FE61A118/A-128 | D34: 28 | E34: ~mOramd amoS> `m [R>H$mUr B{bìhoQ>oS> añVm H$aUo. | G34: 0
C35: FE61A118/A-129 | D35: 29 | E35: _§w~B© nwUo añË`mda ~monmoS>r `oWo nwb C^maUo. | G35: 0
C36: FE61A118/A-130 | D36: 30 | E36: dmaOo Vo {edUo _Znm hÔrV H°$ZmobÀ`m H$S>oZo añVm H$aUo | G36: 0
C37: FE61A118/A-131 | D37: 31 | E37: KmoanS>r `oWo nwUo {_aO d nwUo gmobmnya aoëdoda CÈ>mUnyb ~m§YUo. | F37: 525000000 | G37: 0
C38: FE61A118/A-132 | D38: 32 | E38: qnnio {ZbI `oWo ZXrdarb nwbmgmR>r OmoS> añVm | G38: 0
C39: FE61A118/A-133 | D39: 33 | E39: qghJS> añVm øy_ nmB©n H§$nZr Vo qghJS> H$m°boO añVm H°$Zm°bdarb nwb | G39: 0
C40: FE61A118/A-134 | D40: 34 | E40: dm°S>©>© H«$. 39 _Yrb Ohm§Jra hm°ñnrQ>b Mm¡H$m_Üo` CÈ>mUnyb ~m§YUo. | F40: 300000000 | G40: 0
C41: FE61A118/A-135 | D41: 35 | E41: विविध प्रकारच्या प्रकल्पांच्या अभ्यासासाठी तरतूद (feasibility report, techno-economical report, environmental report & other reports) | F41: 20000000 | G41: 7000000
C42: FE61A118/A-136 | D42: 36 | E42: स्वारगेट चौकात उड्डाणपूल बांधणे | F42: 1600000000 | G42: 408450000
C43: FE61A118/A-137 | D43: 37 | E43: doVmi Mm¡H$ `oWo CÈ>mUnyb ~m§YUo | F43: 150000000 | G43: 0
C44: FE61A118/A-138 | D44: 38 | E44: qghJS> añVm `oWo g§Vmof hm°b Mm¡H$mV ^w`mar _mJ© ~m§YUo | F44: 100000000 | G44: 0
C45: FE61A118/A-139 | D45: 39 | E45: Ohm§{Ja hm°pñnQ>b Mm¡H$m_Ü`o ^w`mar _mJ© ~m§YUo | F45: 80000000 | G45: 0
C46: FE61A118/A-140 | D46: 40 | E46: dm[S>`m H$m°boO Mm¡H$m_¿`o ^w`mar _mJ© ~m§YUo | F46: 80000000 | G46: 0
C47: FE61A118/A-141 | D47: 41 | E47: OwZm ~mOma `oWo A§S>anmg / CÈ>mUnyb ~m§YUo | F47: 250000000 | G47: 0
C48: FE61A118/A-142 | D48: 42 | E48: बालेवाडी स.नं. ४२ ते ४७ ते वाकड रस्ता येथे मुळा नदीवर पुल बांधणे | F48: 280000000 | G48: 28000000
C49: FE61A118/A-143 | D49: 43 | E49: मुठा नदीवर डेंगळे पुलानजीक नवीन पूल बांधणे | F49: 250000000 | G49: 21000000
C50: FE61A118/A-144 | D50: 44 | E50: बंडगार्डन येथे बंधार्‍यासाठी लोखंडी गेट बसविणेकरिता सिव्हील व विुत विषयक कामे करणे | F50: 15000000 | G50: 21000000
C51: FE61A118/A-145 | D51: 45 | E51: मुंबई-पुणे महामार्गावर सुतारवाडी येथे ३० मीटर रुंद अंडरपास करणे (नॅशनल हायवे अ‍ॅथॉरिटीज अंडरपास वाढीव रुंदीकरण कामासाठी निधी उपलब्ध करणे) | F51: 43000000 | G51: 14000000
G52: 0
A53: 14 | E53: nwUo ehamV Amdí`H$ VoWo ^w`mar _mJ© / CÈ>mUnyb aoëdo ~m§YH$m_ H$aUo …- (Non Comprehensive Mobility Plan) | G53: 0
C54: FE61A118/B-101 | D54: 1 | E54: लूल्ला नगर, कोंढवा रोड चौकात उड्डाणपूल बांधणे. | F54: 150000000 | G54: 70000000
C55: FE61A118/B-102 | D55: 2 | E55: H$d}nwVim H$moWê$S> `oWo CÈ>mUnyb ~m§YUo. | F55: 345000000 | G55: 0
C56: FE61A118/B-103 | D56: 3 | E56: goZmnVr ~mnQ> _mJ© nwU© bm§~rV CÈ>mUnb ~m§YUo. | F56: 1312500000 | G56: 0
C57: FE61A118/B-104 | D57: 4 | E57: सातारा रोड, शंकर महाराज मठ ते भारती विापिठ येथे उड्डाणपूल उभारणे. (डिफर्ड पेमेंट अथवा मनपा फंडातून) | F57: 695000000 | G57: 7000000
C58: FE61A118/B-105 | D58: 5 | E58: ~monmoS>r gm§Jdr Z[Xda nwb ~m§YUo. | F58: 210000000 | G58: 0
C59: FE61A118/B-106 | D59: 6 | E59: [h¨JUo ór {ejU g§ñWm `oWo CÈ>mUnyb ~m§YUo | F59: 150000000 | G59: 0
C60: FE61A118/B-107 | D60: 7 | E60: dm°S>©>© H«$. 2 {dÚmZJa bmohJmd _Yrb 509 Mm¡H$ Vo YmZmoar g. Z§. 32 bm OmoS>Umè`m añË`m§daVr nyb ~m§YUo d BVa H$m_o H$aUo | F60: 15000000 | G60: 0
C61: FE61A118/B-108 | D61: 8 | E61: dmH$S>odmS>r Vo _w§~B© nwUo añVm aoëdo Amoìha{~«O H«$m°qgJ H$aUogmR>r CÈ>mUnyb ~m§YUo | G61: 0
C62: FE61A118/B-109 | D62: 9 | E62: nm¡S> añË`mdarb Mm§XUr Mm¡H$ `oWo amîQ´>r` _hm_mJm©da CÈ>mUnyb ~m§YUo | F62: 2200000000 | G62: 0
G63: 0
A64: 15 | E64: Signal Free Roads | G64: 0
C65: FE61A118/C-101 | D65: 1 | E65: ~r.B©.Or. H±$ång Odi _wim ZXrdarb OwÝ`m hmoiH$a nwbmeoOmar ZdrZ nwb d CÈ>mUnwb ~m§Yë`mZo IS>H$s d {edmOrZJa `m [Xeog OmUmè`m dmhVwH$sg Hw$R>ë`mhr àH$maÀ`m {g½ZbMm AS>Wim Z hmoVm ÐþVJVrZo _mJ©H«$_U H$aVm `oB©b. | G65: 0
C66: FE61A118/C-102 | D66: 2 | E66: ãë`w S>m`_§S>, nU©Hw$Q>r, _. Jm§Yr, nwUo g|Q´>b `oWo {g½Zb \«$s amoS> H$aUo. | G66: 0
C67: FE61A118/C-103 | D67: 3 | E67: qghJS> añVm, Ym`ar \$mQ>m | G67: 0
C68: FE61A118/C-104 | D68: 4 | E68: bwëbmZJa H$m|T>dm amoS> Mm¡H$ | G68: 0
C69: FE61A118/C-105 | D69: 5 | E69: अभियांत्रिकी महाविालय चौक ते पाटील इस्टेट दरम्यान उड्डाणपूल बांधणे | F69: 800000000 | G69: 210000000
C70: FE61A118/C-106 | D70: 6 | E70: ñdmaJoQ> Mm¡H$ | G70: 0
C71: FE61A118/C-107 | D71: 7 | E71: doVmi Mm¡H$ | G71: 0
C72: FE61A118/C-108 | D72: 8 | E72: e§H$a_hmamO _R> Vo ^maVr {dÚmnrR> | G72: 0
C73: FE61A118/C-109 | D73: 9 | E73: [h¨JUo ñÌr {ejU g§ñWm | G73: 0
C74: FE61A118/C-110 | D74: 10 | E74: g§MoVr hm°pñnQ>b Mm¡H$ `oWo 2 [R>H$mUr nmXMmar nyb ~m§YUo | F74: 50000000 | G74: 0
C75: FE61A118/C-111 | D75: 11 | E75: JUoeqIS> añVm Vo dmH$S>odmS>r g~do Xaå`mZ añË`mMo é§XrH$aU H$aUo VgoM ApñVÎdmVrb g~doMo é§XrH$aU H$aUo | F75: 200000000 | G75: 0
C76: FE61A118/C-112 | D76: 12 | E76: कमिन्स कॉलेज जंक्शन, वारजे रोड येथे उड्डाणपूल बांधणे | F76: 450000000 | G76: 105000000
C77: FE61A118/C-113 | D77: 13 | E77: {edUo IamS>r Q>ßnm H«$ 2 CÈ>mUnyb ~m§YUo | F77: 12000000000 | G77: 0
C78: FE61A118/C-114 | D78: 14 | E78: ^obHo$ZJa Mm¡H$, H$moWê$S> `oWo CÈ>mUnyb ~m§YUo | F78: 150000000 | G78: 0
C79: FE61A118/C-115 | D79: 15 | E79: रामवाडी भूयारी मार्गाचे उर्वरीत काम पूर्ण करणे | F79: 40000000 | G79: 35000000
C80: FE61A118/C-116 | D80: 16 | E80: हॅरिस पूलालगत नवीन पूल बांधणे | F80: 10000000 | G80: 70000000
C81: FE61A118/C-117 | D81: 17 | E81: _hmXod^mB© XogmB© Mm¡H$ (emñÌrZJa) ZJaamoS> `oWo dmhZm§gmR>r ^y`mar _mJ© ~m§YUo | F81: 10000000 | G81: 0
C82: FE61A118/C-118 | D82: 18 | E82: gygamoS> darb hm`dodarb nwbmMo ê§$XrH$aU H$aUo | F82: 320000000 | G82: 0
G83: 0
A84: 16 | C84: FE61A119 | E84: पुणे मेट्रो रेल्वे प्रकल्प | F84: 73000000000 | G84: 670000000
A85: 17 | C85: FE61A119A | E85: पुणे मेट्रो प्रकल्पाच्या भूसंपादनासाठी | G85: 175000000
A86: 18 | C86: FE61A120 | E86: nwUo ehamV _moZmo aob `moOZm am~{dUo | F86: 51000000000 | G86: 0
A87: 19 | C87: FE61A121 | E87: हायकॅपॅसिटी मास ट्रान्झीट रूट (एससीएमटीआर) अंतर्गत ३४ कि.मी. लांबीच्या रस्त्याची सुधारणा करणेचे कामाचे आरेखन करणे. | F87: 12000000000 | G87: 0
A88: 20 | C88: FE61A122 | E88: ~rAmoQ>r d AÝ` àH$ënm§gmR>r gëbmJma \$r AXm H$aUo | F88: 10000000 | G88: 0
A89: 21 | C89: FE61A123 | E89: स्वारगेट चौकात उड्‌डाणपूलाचे कामाकरिता सेवा वाहिन्या हलविणे व अनुषंगिक कामे करणे | F89: 1500000000 | G89: 38500000
A90: 22 | C90: FE61A124 | E90: सासवड फाटा येथे उड्‌डाणपुलानजीकचे रस्त्याची कामे करणे | F90: 25000000 | G90: 10500000
A91: 23 | C91: FE61A125 | E91: qghJS> añË`mda Ym`ar CS²>S>mUnyb Vo H$m±H«$sQ> añVm Xaå`mZ g{ìh©g añVo H$m±H«$sQ>rH$aU gh, H°$Zmob nwb XþéñVr d VX²Zwf§{KH$ H$m_o H$aUo | F91: 52500000 | G91: 0
A92: 24 | C92: FE61A126 | E92: {gQ>r S>oìhën_|Q> ßb°Z A§VJ©V Agbobo {d{dY {R>H$mUr CS²>S>mUnyb ZXrdarb nyb, ~moJXo BË`mXr H$m_m§gmR>r nwUo _ZnmMm {hñgm | F92: 20000000000 | G92: 0
A93: 25 | C93: FE61A127 | E93: खराडी गावठाणापासून मुंढवा येथे मुळामुठा नदीवर पूल बांधणे व येरवडा येथील जुन्या पुलाची देखभाल दुरूस्ती कामे करणे व नवीन पूल बांधणे | F93: 250000000 | G93: 147000000
G94: 0
E95: EHy$U ~oarO | G95: 2124950000
E97: ( Q>rn …- Am{W©H$ dfm©V gmd©O{ZH$ dmhVyH$ gwYmaUm d {deof àH$ënmgmR>r A{V[aŠV {ZYrMr JaO ^mgë`mg OmJ{VH$ ~±H$ OnmZ ~±H$ d {dÎm g§ñWm§H$Sy>Z H$O© KoD$Z VaVyX CnbãY H$aVm `oB©b. )

Sheet WO_Work16
A1: Cn Am`wŠV {d^mJ H«$. : | C1: 1.1 | D1: 1.2 | E1: 1.3 | F1: 1.4 | G1: 2.1 | H1: 2.2 | I1: 2.3 | J1: 3.1 | K1: 3.2 | L1: 3.3 | M1: 3.4 | N1: 4.1 | O1: 4.2 | P1: 4.3 | Q1: 4.4
A2: {ddaU | C2: Am¢Y | D2: H$moWê$S> | E2: Kmobo amoS> | F2: dmaOo H$d}ZJa | G2: T>mobonmQ>rb | H2: ZJaamoS> | I2: g§J_dmS>r | J2: ^dmZr noR> | K2: H$g~m {dlm_ | L2: [Q>iH$ amoS> | M2: ghH$maZJa | N2: hS>nga | O2: {~~dodmS>r | P2: YZH$dS>r | Q2: H$m|T>dmdmZdS>r | R2: EHy$U
A4: A§XmOnÌH$mVrb VaVwXtMm {d^mJdma dmQ>n VŠVm - A§XmOnÌH$ "A'
A6: 1. _w»` XoIaoI dgwcr
A7: a. [d^mJr` HŸm`m©c`o | C7: RE11W112A | D7: RE11W104A | E7: RE11W103A | F7: RE11W113A | G7: RE11W110A | H7: RE11W111A | I7: RE11W114A | J7: RE11W108A | K7: RE11W102A | L7: RE11W105A | M7: RE11W106A | N7: RE11W109A | O7: RE11W107A | P7: RE11W115A | Q7: RE11W116A
A8: 3. joÌr` HŸm`m©c`o HŸm`_ godHŸdJ© doVZ | C8: 26300000 | D8: 13175000 | E8: 13125000 | F8: 29000000 | G8: 20200000 | H8: 43775000 | I8: 12676000 | J8: 27055000 | K8: 24400000 | L8: 30665000 | M8: 21350000 | N8: 19710000 | O8: 12700000 | P8: 22750000 | Q8: 23119000 | R8: 340000000
C9: RE11W112B | D9: RE11W104B | E9: RE11W103B | F9: RE11W113B | G9: RE11W110B | H9: RE11W111B | I9: RE11W114B | J9: RE11W108B | K9: RE11W102B | L9: RE11W105B | M9: RE11W106B | N9: RE11W109B | O9: RE11W107B | P9: RE11W115B | Q9: RE11W116B
A10: 4. joÌr` HŸm`m©c`o g¨HŸrU© | C10: 600000 | D10: 600000 | E10: 600000 | F10: 600000 | G10: 600000 | H10: 600000 | I10: 600000 | J10: 600000 | K10: 600000 | L10: 600000 | M10: 600000 | N10: 600000 | O10: 600000 | P10: 600000 | Q10: 600000 | R10: 9000000
C11: RE11W112E | D11: RE11W104E | E11: RE11W103E | F11: RE11W113E | G11: RE11W110E | H11: RE11W111E | I11: RE11W114E | J11: RE11W108E | K11: RE11W102E | L11: RE11W105E | M11: RE11W106E | N11: RE11W109E | O11: RE11W107E | P11: RE11W115E | Q11: RE11W116E
A12: 5. à^mJ g{_Vr MhmnmZ IM© | C12: 50000 | D12: 50000 | E12: 50000 | F12: 50000 | G12: 50000 | H12: 50000 | I12: 50000 | J12: 50000 | K12: 50000 | L12: 50000 | M12: 50000 | N12: 50000 | O12: 50000 | P12: 50000 | Q12: 50000 | R12: 750000
A14: 4. PmonS>nÅ>r {Z_y©bZ d nwZd©gZ
A15: I­2. g~­B¨[O[Z`a (hoëW) ([d.HŸm.) | C15: RE14B212A | D15: RE14B204A | E15: RE14B203A | F15: RE14B213A | G15: RE14B210A | H15: RE14B211A | I15: RE14B214A | J15: RE14B208A | K15: RE14B202A | L15: RE14B205A | M15: RE14B206A | N15: RE14B209A | O15: RE14B207A | P15: RE14B215A | Q15: RE14B216A
A16: gmd©O{ZH$/gwb^ em¡Mmb` Xþê$ñVr, _wVmè`m Xþê$ñVr H$m_o H$aUo | C16: 3204000 | D16: 1704000 | E16: 3263000 | F16: 1504000 | G16: 2302000 | H16: 2763000 | I16: 2302000 | J16: 2763000 | K16: 2763000 | L16: 2302000 | M16: 1842000 | N16: 1842000 | O16: 1842000 | P16: 2302000 | Q16: 2302000 | R16: 35000000
C17: RE14B212B | D17: RE14B204B | E17: RE14B203B | F17: RE14B213B | G17: RE14B210B | H17: RE14B211B | I17: RE14B214B | J17: RE14B208B | K17: RE14B202B | L17: RE14B205B | M17: RE14B206B | N17: RE14B209B | O17: RE14B207B | P17: RE14B215B | Q17: RE14B216B
A18: H$m±H«$sQ>rH$aUmMr d \$aerMr H$m_o / noìhtJMr H$m_o d XoI^mb Xþê$ñVr H$aUo | C18: 1018000 | D18: 1318000 | E18: 1881000 | F18: 1318000 | G18: 1315000 | H18: 1578000 | I18: 1315000 | J18: 1578000 | K18: 1578000 | L18: 1315000 | M18: 1052000 | N18: 1052000 | O18: 1052000 | P18: 1315000 | Q18: 1315000 | R18: 20000000
C19: RE14B212C | D19: RE14B204C | E19: RE14B203C | F19: RE14B213C | G19: RE14B210C | H19: RE14B211C | I19: RE14B214C | J19: RE14B208C | K19: RE14B202C | L19: RE14B205C | M19: RE14B206C | N19: RE14B209C | O19: RE14B207C | P19: RE14B215C | Q19: RE14B216C
A20: OwÝ`m S´>oZoO bmB©Z ~XbUo d Xþê$ñVr H$aUo | C20: 2215000 | D20: 915000 | E20: 1178000 | F20: 1315000 | G20: 1315000 | H20: 1578000 | I20: 1315000 | J20: 2157000 | K20: 1000000 | L20: 1315000 | M20: 1052000 | N20: 1052000 | O20: 1052000 | P20: 1315000 | Q20: 1315000 | R20: 20089000
C21: RE14B212D | D21: RE14B204D | E21: RE14B203D | F21: RE14B213D | G21: RE14B210D | H21: RE14B211D | I21: RE14B214D | J21: RE14B208D | K21: RE14B202D | L21: RE14B205D | M21: RE14B206D | N21: RE14B209D | O21: RE14B207D | P21: RE14B215D | Q21: RE14B216D
A22: S´>oZoO bmB©Z d M§§o~a gm\$g\$mB© H$aUo | C22: 1986000 | D22: 786000 | E22: 1184000 | F22: 986000 | G22: 986000 | H22: 1184000 | I22: 986000 | J22: 1184000 | K22: 1184000 | L22: 986000 | M22: 789000 | N22: 789000 | O22: 789000 | P22: 986000 | Q22: 986000 | R22: 15791000
C23: RE14B212E | D23: RE14B204E | E23: RE14B203E | F23: RE14B213E | G23: RE14B210E | H23: RE14B211E | I23: RE14B214E | J23: RE14B208E | K23: RE14B202E | L23: RE14B205E | M23: RE14B206E | N23: RE14B209E | O23: RE14B207E | P23: RE14B215E | Q23: RE14B216E
A24: XoI^mb XþéñVrgmR>r gm[hË` IaoXr - nwa{dUo d ~g{dUo | C24: 693000 | D24: 593000 | E24: 592000 | F24: 593000 | G24: 493000 | H24: 592000 | I24: 493000 | J24: 592000 | K24: 592000 | L24: 493000 | M24: 394000 | N24: 394000 | O24: 394000 | P24: 493000 | Q24: 493000 | R24: 7894000
A26: J­2. ZmJadñVr [dHŸmg `moOZm ([d.HŸm`m©.) | C26: RE14C212A | D26: RE14C204A | E26: RE14C203A | F26: RE14C213A | G26: RE14C210A | H26: RE14C211A | I26: RE14C214A | J26: RE14C208A | K26: RE14C202A | L26: RE14C205A | M26: RE14C206A | N26: RE14C209A | O26: RE14C207A | P26: RE14C215A | Q26: RE14C216A
A27: 1. HŸm`_ godHŸdJ© doVZ | E27: 3000000 | Q27: 0 | R27: 3000000
A29: 7. Amamo½`
A30: cmoHŸmamo½` ([d^mJr` HŸm`m©c`) | C30: RE17F212A | D30: RE17F204A | E30: RE17F203A | F30: RE17F213A | G30: RE17F210A | H30: RE17F211A | I30: RE17F214A | J30: RE17F208A | K30: RE17F202A | L30: RE17F205A | M30: RE17F206A | N30: RE17F209A | O30: RE17F207A | P30: RE17F215A | Q30: RE17F216A
A31: 1. HŸm`_ godHŸdJ© doVZ | C31: 1925000 | D31: 460000 | E31: 4492000 | F31: 466000 | G31: 5305000 | H31: 8181000 | I31: 3673000 | J31: 2290000 | K31: 9567000 | L31: 5080000 | M31: 2750000 | N31: 3866000 | O31: 2005000 | P31: 1835000 | Q31: 5605000 | R31: 57500000
A33: 9. nWm¨Mr PmScmoQ, HŸMamdmhVyHŸ B.
A34: HŸ­2. nWm¨Mr PmScmoQ ([d^m. HŸm`m©.) | C34: RE19A212A | D34: RE19A204A | E34: RE19A203A | F34: RE19A213A | G34: RE19A210A | H34: RE19A211A | I34: RE19A214A | J34: RE19A208A | K34: RE19A202A | L34: RE19A205A | M34: RE19A206A | N34: RE19A209A | O34: RE19A207A | P34: RE19A215A | Q34: RE19A216A
A35: 1. HŸm`_ godHŸdJ© doVZ | C35: 63333333 | D35: 63333333 | E35: 63333333 | F35: 63333333 | G35: 63333333 | H35: 63333333 | I35: 63333333 | J35: 63333333 | K35: 63333333 | L35: 63333333 | M35: 63333333 | N35: 63333333 | O35: 63333333 | P35: 63333338 | Q35: 63333333 | R35: 950000000
C36: RE19A212C | D36: RE19A204C | E36: RE19A203C | F36: RE19A213C | G36: RE19A210C | H36: RE19A211C | I36: RE19A214C | J36: RE19A208C | K36: RE19A202C | L36: RE19A205C | M36: RE19A206C | N36: RE19A209C | O36: RE19A207C | P36: RE19A215C | Q36: RE19A216C
A37: K§Q>mJmS>çm,gm`H$b [ajm nwa{dUo d Xþê$ñVr,~Ho$Q> IaoXr H$aUo, Amamo½`H$moR>çm Xþê$ñV H$aUo | C37: 893000 | D37: 493000 | E37: 292000 | F37: 693000 | G37: 493000 | H37: 592000 | I37: 493000 | J37: 592000 | K37: 592000 | L37: 493000 | M37: 394000 | N37: 394000 | O37: 394000 | P37: 493000 | Q37: 493000 | R37: 7794000
C38: RE19A212D | D38: RE19A204D | E38: RE19A203D | F38: RE19A213D | G38: RE19A210D | H38: RE19A211D | I38: RE19A214D | J38: RE19A208D | K38: RE19A202D | L38: RE19A205D | M38: RE19A206D | N38: RE19A209D | O38: RE19A207D | P38: RE19A215D | Q38: RE19A216D
A39: AmD$Q>gmo{gªJZo H$Mam g§X^m©V H$m_o H$ê$Z KoUo | C39: 38250000 | D39: 17000000 | E39: 6800000 | F39: 38250000 | G39: 21250000 | H39: 29750000 | I39: 21250000 | J39: 3825000 | K39: 3825000 | L39: 25500000 | M39: 8500000 | N39: 25500000 | O39: 21250000 | P39: 29750000 | Q39: 36125000 | R39: 326825000
C40: RE19A212E | D40: RE19A204E | E40: RE19A203E | F40: RE19A213E | G40: RE19A210E | H40: RE19A211E | I40: RE19A214E | J40: RE19A208E | K40: RE19A202E | L40: RE19A205E | M40: RE19A206E | N40: RE19A209E | O40: RE19A207E | P40: RE19A215E | Q40: RE19A216E
A41: ~m`moJ°g, Jm§Sw>iIV àH$ën g§~§Yr Amdí`H$ Vr H$m_o H$aUo | C41: 400000 | D41: 300000 | E41: 3500000 | F41: 300000 | G41: 500000 | H41: 600000 | I41: 500000 | J41: 0 | K41: 600000 | L41: 500000 | M41: 100000 | N41: 500000 | O41: 1000000 | P41: 2500000 | Q41: 500000 | R41: 11800000
A43: I­2. HŸMam dmhVyHŸ ([d^m. HŸm`m©.) | C43: RE19B212A | D43: RE19B204A | E43: RE19B203A | F43: RE19B213A | G43: RE19B210A | H43: RE19B211A | I43: RE19B214A | J43: RE19B208A | K43: RE19B202A | L43: RE19B205A | M43: RE19B206A | N43: RE19B209A | O43: RE19B207A | P43: RE19B215A | Q43: RE19B216A
A44: 1. HŸm`_ godHŸdJ© doVZ | C44: 42000000 | D44: 42000000 | E44: 42000000 | F44: 42000000 | G44: 42000000 | H44: 42000000 | I44: 42000000 | J44: 42000000 | K44: 42000000 | L44: 42000000 | M44: 42000000 | N44: 42000000 | O44: 42000000 | P44: 42000000 | Q44: 42000000 | R44: 630000000
A45: J­2. _¡cm d _¡cmnmUr dmhVyHŸ (Am.à.) | C45: RE19C212A | D45: RE19C204A | E45: RE19C203A | F45: RE19C213A | G45: RE19C210A | H45: RE19C211A | I45: RE19C214A | J45: RE19C208A | K45: RE19C202A | L45: RE19C205A | M45: RE19C206A | N45: RE19C209A | O45: RE19C207A | P45: RE19C215A | Q45: RE19C216A
A46: 1. HŸm`_ godHŸdJ© doVZ | C46: 20666666 | D46: 20666666 | E46: 20666666 | F46: 20666666 | G46: 20666666 | H46: 20666666 | I46: 20666666 | J46: 20666666 | K46: 20666666 | L46: 20666666 | M46: 20666666 | N46: 20666666 | O46: 20666676 | P46: 20666666 | Q46: 20666666 | R46: 310000000
A48: K­2. ^w`mar JQmao, HŸw¨Sçm d M|~g© ñdÀNVm | C48: RE19D212A | D48: RE19D204A | E48: RE19D203A | F48: RE19D213A | G48: RE19D210A | H48: RE19D211A | I48: RE19D214A | J48: RE19D208A | K48: RE19D202A | L48: RE19D205A | M48: RE19D206A | N48: RE19D209A | O48: RE19D207A | P48: RE19D215A | Q48: RE19D216A
A49: 1. HŸm`_ godHŸdJ© doVZ | C49: 4733333 | D49: 4733333 | E49: 4733333 | F49: 4733333 | G49: 4733333 | H49: 4733333 | I49: 4733333 | J49: 4733333 | K49: 4733333 | L49: 4733333 | M49: 4733333 | N49: 4733338 | O49: 4733333 | P49: 4733333 | Q49: 4733333 | R49: 71000000
A51: M­2. PmonS>nÅ>r dñË`m¨Mr ñdÀNVm d gm\Ÿg\$mB©Mr HŸm_o ([d^m.HŸm`m©.)
C52: RE19E212A | D52: RE19E204A | E52: RE19E203A | F52: RE19E213A | G52: RE19E210A | H52: RE19E211A | I52: RE19E214A | J52: RE19E208A | K52: RE19E202A | L52: RE19E205A | M52: RE19E206A | N52: RE19E209A | O52: RE19E207A | P52: RE19E215A | Q52: RE19E216A
A53: 1. HŸm`_ godHŸdJ© doVZ | C53: 13333333 | D53: 13333333 | E53: 13333333 | F53: 13333333 | G53: 13333333 | H53: 13333333 | I53: 13333333 | J53: 13333333 | K53: 13333333 | L53: 13333333 | M53: 13333338 | N53: 13333333 | O53: 13333333 | P53: 13333333 | Q53: 13333333 | R53: 200000000
A55: 10. nW gwYmaUm ([deof HŸm`m©[YHŸmar)
A56: HŸ­2. nW gwYmaUm ([deof HŸm`m©[YHŸmar) | C56: RE20A212A | D56: RE20A204A | E56: RE20A203A | F56: RE20A213A | G56: RE20A210A | H56: RE20A211A | I56: RE20A214A | J56: RE20A208A | K56: RE20A202A | L56: RE20A205A | M56: RE20A206A | N56: RE20A209A | O56: RE20A207A | P56: RE20A215A | Q56: RE20A216A
A57: 1. HŸm`_ godHŸdJ© doVZ | C57: 8000000 | D57: 8000000 | E57: 8000000 | F57: 8000000 | G57: 8000000 | H57: 8000000 | I57: 8000000 | J57: 8000000 | K57: 8000000 | L57: 8000000 | M57: 8000000 | N57: 8000000 | O57: 8000000 | P57: 8000000 | Q57: 8000000 | R57: 120000000
A58: I­2. nW XwéñVr ([d^mJr` HŸm`m©c`) | C58: RE20B212A | D58: RE20B204A | E58: RE20B203A | F58: RE20B213A | G58: RE20B210A | H58: RE20B211A | I58: RE20B214A | J58: RE20B208A | K58: RE20B202A | L58: RE20B205A | M58: RE20B206A | N58: RE20B209A | O58: RE20B207A | P58: RE20B215A | Q58: RE20B216A
A59: nWm§darb amS>mamoS>m CMbUo | C59: 1318000 | D59: 1318000 | E59: 1581000 | F59: 1318000 | G59: 1315000 | H59: 1578000 | I59: 1315000 | J59: 1578000 | K59: 1578000 | L59: 1315000 | M59: 1052000 | N59: 1052000 | O59: 1052000 | P59: 1315000 | Q59: 1315000 | R59: 20000000
C60: RE20B212B | D60: RE20B204B | E60: RE20B203B | F60: RE20B213B | G60: RE20B210B | H60: RE20B211B | I60: RE20B214B | J60: RE20B208B | K60: RE20B202B | L60: RE20B205B | M60: RE20B206B | N60: RE20B209B | O60: RE20B207B | P60: RE20B215B | Q60: RE20B216B
A61: {Za{Zamù`m nWmdarb IS²>S>o XþéñVr H$aUo | C61: 1518000 | D61: 1318000 | E61: 1318000 | F61: 1318000 | G61: 1315000 | H61: 1578000 | I61: 1315000 | J61: 1578000 | K61: 1578000 | L61: 1315000 | M61: 1052000 | N61: 1052000 | O61: 1052000 | P61: 1315000 | Q61: 1315000 | R61: 19937000
C62: RE20B212C | D62: RE20B204C | E62: RE20B203C | F62: RE20B213C | G62: RE20B210C | H62: RE20B211C | I62: RE20B214C | J62: RE20B208C | K62: RE20B202C | L62: RE20B205C | M62: RE20B206C | N62: RE20B209C | O62: RE20B207C | P62: RE20B215C | Q62: RE20B216C
A63: [a`ÝgQ>|Q>_|Q>Mr H$m_o H$aUo. | C63: 3260000 | D63: 3060000 | E63: 3152000 | F63: 2968000 | G63: 2960000 | H63: 3552000 | I63: 2960000 | J63: 3552000 | K63: 3552000 | L63: 2960000 | M63: 2368000 | N63: 2368000 | O63: 2368000 | P63: 2960000 | Q63: 2960000 | R63: 45000000
C64: RE20B212D | D64: RE20B204D | E64: RE20B203D | F64: RE20B213D | G64: RE20B210D | H64: RE20B211D | I64: RE20B214D | J64: RE20B208D | K64: RE20B202D | L64: RE20B205D | M64: RE20B206D | N64: RE20B209D | O64: RE20B207D | P64: RE20B215D | Q64: RE20B216D
A65: nWmdarb nwVù`m§Mr ñdÀN>Vm d Xþê$ñVr H$aUo | C65: 263000 | D65: 263000 | E65: 315000 | F65: 269000 | G65: 263000 | H65: 315000 | I65: 263000 | J65: 315000 | K65: 315000 | L65: 263000 | M65: 210000 | N65: 210000 | O65: 310000 | P65: 363000 | Q65: 63000 | R65: 4000000
C66: RE20B212E | D66: RE20B204E | E66: RE20B203E | F66: RE20B213E | G66: RE20B210E | H66: RE20B211E | I66: RE20B214E | J66: RE20B208E | K66: RE20B202E | L66: RE20B205E | M66: RE20B206E | N66: RE20B209E | O66: RE20B207E | P66: RE20B215E | Q66: RE20B216E
A67: gmB©Z ~moS>©g² a§J{dUo, a§Ja§JmoQ>r, aobtJMr H$m_o d [S>ìhm`S>aMr H$m_o H$aUo | C67: 10000000 | D67: 10000000 | E67: 10000000 | F67: 10000000 | G67: 10000000 | H67: 10000000 | I67: 10000000 | J67: 10000000 | K67: 10000000 | L67: 10000000 | M67: 10000000 | N67: 10000000 | O67: 10000000 | P67: 10000000 | Q67: 10000000 | R67: 150000000
C68: RE20B212F | D68: RE20B204F | E68: RE20B203F | F68: RE20B213F | G68: RE20B210F | H68: RE20B211F | I68: RE20B214F | J68: RE20B208F | K68: RE20B202F | L68: RE20B205F | M68: RE20B206F | N68: RE20B209F | O68: RE20B207F | P68: RE20B215F | Q68: RE20B216F
A69: \y$Q>nmW Xþê$ñVr H$aUo | C69: 1844000 | D69: 1744000 | E69: 2273000 | F69: 1244000 | G69: 1644000 | H69: 1973000 | I69: 1644000 | J69: 1973000 | K69: 1973000 | L69: 1644000 | M69: 1315000 | N69: 1315000 | O69: 1315000 | P69: 1644000 | Q69: 1644000 | R69: 25189000
C70: RE20B212G | D70: RE20B204G | E70: RE20B203G | F70: RE20B213G | G70: RE20B210G | H70: RE20B211G | I70: RE20B214G | J70: RE20B208G | K70: RE20B202G | L70: RE20B205G | M70: RE20B206G | N70: RE20B209G | O70: RE20B207G | P70: RE20B215G | Q70: RE20B216G
A71: noìhtJ ãbm°H$Mr Xþê$ñVr / H$m_o H$aUo | C71: 765000 | D71: 665000 | E71: 798000 | F71: 696000 | G71: 657000 | H71: 789000 | I71: 657000 | J71: 798000 | K71: 798000 | L71: 665000 | M71: 532000 | N71: 510000 | O71: 510000 | P71: 580000 | Q71: 580000 | R71: 10000000
C72: RE20B212H | D72: RE20B204H | E72: RE20B203H | F72: RE20B213H | G72: RE20B210H | H72: RE20B211H | I72: RE20B214H | J72: RE20B208H | K72: RE20B202H | L72: RE20B205H | M72: RE20B206H | N72: RE20B209H | O72: RE20B207H | P72: RE20B215H | Q72: RE20B216H
A73: _mo~mB©b nmQ>u d [aŠ`wn_|Q>Mr {~bo XoUo | C73: 2600000 | D73: 2600000 | E73: 3200000 | F73: 2600000 | G73: 2631000 | H73: 3157000 | I73: 2631000 | J73: 3157000 | K73: 3157000 | L73: 2631000 | M73: 2105000 | N73: 2500000 | O73: 2500000 | P73: 2500000 | Q73: 2500000 | R73: 40469000
C74: RE20B212J | D74: RE20B204J | E74: RE20B203J | F74: RE20B213J | G74: RE20B210J | H74: RE20B211J | I74: RE20B214J | J74: RE20B208J | K74: RE20B202J | L74: RE20B205J | M74: RE20B206J | N74: RE20B209J | O74: RE20B207J | P74: RE20B215J | Q74: RE20B216J
A75: H$moR>rgmR>r Amdí`H$ gm[hË` nwa{dUo d IaoXr H$aUo | C75: 300000 | D75: 321000 | E75: 350000 | F75: 400000 | G75: 328000 | H75: 394000 | I75: 328000 | J75: 394000 | K75: 394000 | L75: 328000 | M75: 263000 | N75: 300000 | O75: 300000 | P75: 300000 | Q75: 300000 | R75: 5000000
C76: RE20B212K | D76: RE20B204K | E76: RE20B203K | F76: RE20B213K | G76: RE20B210K | H76: RE20B211K | I76: RE20B214K | J76: RE20B208K | K76: RE20B202K | L76: RE20B205K | M76: RE20B206K | N76: RE20B209K | O76: RE20B207K | P76: RE20B215K | Q76: RE20B216K
A77: [H$aH$moi XþéñVrMr H$m_o _Owam§_m\©$V H$ê$Z KoUo | C77: 550000 | D77: 566000 | E77: 550000 | F77: 550000 | G77: 526000 | H77: 631000 | I77: 526000 | J77: 631000 | K77: 631000 | L77: 526000 | M77: 421000 | N77: 420000 | O77: 420000 | P77: 526000 | Q77: 526000 | R77: 8000000
C78: RE20B212L | D78: RE20B204L | E78: RE20B203L | F78: RE20B213L | G78: RE20B210L | H78: RE20B211L | I78: RE20B214L | J78: RE20B208L | K78: RE20B202L | L78: RE20B205L | M78: RE20B206L | N78: RE20B209L | O78: RE20B207L | P78: RE20B215L | Q78: RE20B216L
A79: nmdgmir bmB©Z 600 {_.{_.n`ªV nmB©n Q>mH$Uo/Xþê$ñVr H$aUo d BVa AZwf§{JH$ H$m_o H$aUo | C79: 865000 | D79: 865000 | E79: 866000 | F79: 865000 | G79: 822000 | H79: 986000 | I79: 822000 | J79: 986000 | K79: 986000 | L79: 822000 | M79: 657000 | N79: 657000 | O79: 657000 | P79: 822000 | Q79: 822000 | R79: 12500000
C80: RE20B212M | D80: RE20B204M | E80: RE20B203M | F80: RE20B213M | G80: RE20B210M | H80: RE20B211M | I80: RE20B214M | J80: RE20B208M | K80: RE20B202M | L80: RE20B205M | M80: RE20B206M | N80: RE20B209M | O80: RE20B207M | P80: RE20B215M | Q80: RE20B216M
A81: nmdgmir Omù`m nwa{dUo, ~g{dUo d Xþê$ñVr H$aUo | C81: 665000 | D81: 665000 | E81: 673000 | F81: 765000 | G81: 657000 | H81: 789000 | I81: 657000 | J81: 789000 | K81: 789000 | L81: 657000 | M81: 526000 | N81: 526000 | O81: 526000 | P81: 658000 | Q81: 658000 | R81: 10000000
C82: RE20B212N | D82: RE20B204N | E82: RE20B203N | F82: RE20B213N | G82: RE20B210N | H82: RE20B211N | I82: RE20B214N | J82: RE20B208N | K82: RE20B202N | L82: RE20B205N | M82: RE20B206N | N82: RE20B209N | O82: RE20B207N | P82: RE20B215N | Q82: RE20B216N
A83: H$m±H«$sQ>rH$aU H$aUo / \$aer ~g{dUo d Xþê$ñVr H$aUo | C83: 550000 | D83: 550000 | E83: 550000 | F83: 564000 | G83: 526000 | H83: 631000 | I83: 526000 | J83: 631000 | K83: 631000 | L83: 526000 | M83: 421000 | N83: 420000 | O83: 420000 | P83: 527000 | Q83: 527000 | R83: 8000000
C84: RE20B212P | D84: RE20B204P | E84: RE20B203P | F84: RE20B213P | G84: RE20B210P | H84: RE20B211P | I84: RE20B214P | J84: RE20B208P | K84: RE20B202P | L84: RE20B205P | M84: RE20B206P | N84: RE20B209P | O84: RE20B207P | P84: RE20B215P | Q84: RE20B216P
A85: _wê$_ nwa{dUo d añVm Xþê$ñV H$aUo | C85: 300000 | D85: 307000 | E85: 380000 | F85: 400000 | G85: 328000 | H85: 394000 | I85: 328000 | J85: 394000 | K85: 394000 | L85: 328000 | M85: 263000 | N85: 263000 | O85: 263000 | P85: 329000 | Q85: 329000 | R85: 5000000
A87: J­2. nWm¨darc [Xdm~Îmr ([d.HŸm`m©.) | C87: RE20C212A | D87: RE20C204A | E87: RE20C203A | F87: RE20C213A | G87: RE20C210A | H87: RE20C211A | I87: RE20C214A | J87: RE20C208A | K87: RE20C202A | L87: RE20C205A | M87: RE20C206A | N87: RE20C209A | O87: RE20C207A | P87: RE20C215A | Q87: RE20C216A
A88: HŸm`_ godHŸdJ© doVZ | C88: 7666666 | D88: 7666666 | E88: 7666666 | F88: 7666666 | G88: 7666666 | H88: 7666666 | I88: 7666666 | J88: 7666666 | K88: 7666666 | L88: 7666676 | M88: 7666666 | N88: 7666666 | O88: 7666666 | P88: 7666666 | Q88: 7666666 | R88: 115000000
C89: RE20C212C | D89: RE20C204C | E89: RE20C203C | F89: RE20C213C | G89: RE20C210C | H89: RE20C211C | I89: RE20C214C | J89: RE20C208C | K89: RE20C202C | L89: RE20C205C | M89: RE20C206C | N89: RE20C209C | O89: RE20C207C | P89: RE20C215C | Q89: RE20C216C
A90: añË`mdarb [Xdo, XoI^mb Xþê$ñVr VgoM {dÚwV {df`H$ Amdí`H$ H$m_o H$aUo | C90: 3531000 | D90: 2151000 | E90: 3057000 | F90: 2331000 | G90: 2631000 | H90: 3157000 | I90: 2631000 | J90: 3157000 | K90: 3157000 | L90: 2631000 | M90: 2105000 | N90: 2105000 | O90: 2105000 | P90: 2631000 | Q90: 2631000 | R90: 40011000
C91: RE20C212D | D91: RE20C204D | E91: RE20C203D | F91: RE20C213D | G91: RE20C210D | H91: RE20C211D | I91: RE20C214D | J91: RE20C208D | K91: RE20C202D | L91: RE20C205D | M91: RE20C206D | N91: RE20C209D | O91: RE20C207D | P91: RE20C215D | Q91: RE20C216D
A92: [H$aH$moi XþéñVrMr H$m_o _Owam§_m\©$V H$ê$Z KoUo | C92: 957000 | D92: 457000 | E92: 459000 | F92: 957000 | G92: 657000 | H92: 789000 | I92: 657000 | J92: 789000 | K92: 789000 | L92: 657000 | M92: 526000 | N92: 526000 | O92: 526000 | P92: 657000 | Q92: 657000 | R92: 10060000
A95: 12. ^dZo, ^y_r d _Znm dgmhVr `m¨Mr ì`dñWm
C96: RE22C212B | D96: RE22C204B | E96: RE22C203B | F96: RE22C213B | G96: RE22C210B | H96: RE22C211B | I96: RE22C214B | J96: RE22C208B | K96: RE22C202B | L96: RE22C205B | M96: RE22C206B | N96: RE22C209B | O96: RE22C207B | P96: RE22C215B | Q96: RE22C216B
A97: ^dZ XþéñVr (emim, XdmImZo, _mH}$Q>, jo{Ì` H$m`m©b`, _Znm dgmhVr B.) | C97: 1815000 | D97: 1015000 | E97: 1578000 | F97: 1215000 | G97: 1315000 | H97: 1578000 | I97: 1315000 | J97: 1578000 | K97: 1578000 | L97: 1315000 | M97: 1052000 | N97: 1052000 | O97: 1052000 | P97: 1315000 | Q97: 1315000 | R97: 20088000
C98: RE22C212C | D98: RE22C204C | E98: RE22C203C | F98: RE22C213C | G98: RE22C210C | H98: RE22C211C | I98: RE22C214C | J98: RE22C208C | K98: RE22C202C | L98: RE22C205C | M98: RE22C206C | N98: RE22C209C | O98: RE22C207C | P98: RE22C215C | Q98: RE22C216C
A99: BVa ^dZ XþéñVr (KmQ>, ñ_emZ^y_r, {dgO©Z hm¡X B.) | C99: 789000 | D99: 789000 | E99: 947000 | F99: 796000 | G99: 789000 | H99: 947000 | I99: 789000 | J99: 947000 | K99: 947000 | L99: 789000 | M99: 631000 | N99: 631000 | O99: 631000 | P99: 789000 | Q99: 789000 | R99: 12000000
C100: RE22C212D | D100: RE22C204D | E100: RE22C203D | F100: RE22C213D | G100: RE22C210D | H100: RE22C211D | I100: RE22C214D | J100: RE22C208D | K100: RE22C202D | L100: RE22C205D | M100: RE22C206D | N100: RE22C209D | O100: RE22C207D | P100: RE22C215D | Q100: RE22C216D
A101: CËgdm{Z{_Îm (nmbIr, O`§Vr, JUoemoËgd B.) _m§S>d C^maUo d VXZwf§{JH$ H$m_o H$aUo | C101: 1200000 | D101: 800000 | E101: 1100000 | F101: 1200000 | G101: 1500000 | H101: 800000 | I101: 800000 | J101: 5600000 | K101: 5000000 | L101: 800000 | M101: 1000000 | N101: 400000 | O101: 500000 | P101: 1100000 | Q101: 700000 | R101: 22500000
C102: RE22C212E | D102: RE22C204E | E102: RE22C203E | F102: RE22C213E | G102: RE22C210E | H102: RE22C211E | I102: RE22C214E | J102: RE22C208E | K102: RE22C202E | L102: RE22C205E | M102: RE22C206E | N102: RE22C209E | O102: RE22C207E | P102: RE22C215E | Q102: RE22C216E
A103: [H$aH$moi XþéñVrgmR>r H$moR>rg gm[hË` nwa{dUo | C103: 328000 | D103: 328000 | E103: 394000 | F103: 339000 | G103: 328000 | H103: 394000 | I103: 328000 | J103: 394000 | K103: 394000 | L103: 328000 | M103: 263000 | N103: 263000 | O103: 263000 | P103: 328000 | Q103: 328000 | R103: 5000000
A105: 13. ~m¨YHŸm_ [Z`moOZ, ZJa aMZm B.
A106: N­2. ^dZ [d^mJ ([d^mJr` HŸm`m©.)
C107: RE23G212A | D107: RE23G204A | E107: RE23G203A | F107: RE23G213A | G107: RE23G210A | H107: RE23G211A | I107: RE23G214A | J107: RE23G208A | K107: RE23G202A | L107: RE23G205A | M107: RE23G206A | N107: RE23G209A | O107: RE23G207A | P107: RE23G215A | Q107: RE23G216A
A108: 1. HŸm`_ godHŸdJ© doVZ | C108: 2319000 | D108: 6523000 | E108: 3842000 | F108: 0 | G108: 4468000 | H108: 3950000 | I108: 7857000 | J108: 3550500 | K108: 2608000 | L108: 4948000 | M108: 3061000 | N108: 6796000 | O108: 549500 | P108: 4770000 | Q108: 4758000 | R108: 60000000
A110: 15. AZwkmnÌ d AmHŸme[MÝho, nWm¨darc A[VH«Ÿ_Uo HŸmTUo BË`mXr -
C111: RE25B212B | D111: RE25B204B | E111: RE25B203B | F111: RE25B213B | G111: RE25B210B | H111: RE25B211B | I111: RE25B214B | J111: RE25B208B | K111: RE25B202B | L111: RE25B205B | M111: RE25B206B | N111: RE25B209B | O111: RE25B207B | P111: RE25B215B | Q111: RE25B216B
A112: [H$aH$moi XþéñVrMr H$m_o _Owam§_m\©$V H$ê$Z KoUo | C112: 1578000 | D112: 1578000 | E112: 1894000 | F112: 1589000 | G112: 1578000 | H112: 1894000 | I112: 1578000 | J112: 1894000 | K112: 1894000 | L112: 1578000 | M112: 1263000 | N112: 1263000 | O112: 1263000 | P112: 1578000 | Q112: 1578000 | R112: 24000000
C113: RE25B212C | D113: RE25B204C | E113: RE25B203C | F113: RE25B213C | G113: RE25B210C | H113: RE25B211C | I113: RE25B214C | J113: RE25B208C | K113: RE25B202C | L113: RE25B205C | M113: RE25B206C | N113: RE25B209C | O113: RE25B207C | P113: RE25B215C | Q113: RE25B216C
A114: AmH$me{MÝh, ~m§YH$m_ {Z`§ÌU, A{VH«$_U {d^mJmÀ`m H$m_m§gmR>r pìhS>rAmo ew[Q>¨J, H°$_oam, J°g H$Q>a, ~«oH$g© B. gm[hË` nwa{dUo d H$m_o H$ê$Z KoUo | C114: 3000000 | D114: 3000000 | E114: 3000000 | F114: 3000000 | G114: 3000000 | H114: 3000000 | I114: 3000000 | J114: 3000000 | K114: 3000000 | L114: 3000000 | M114: 3000000 | N114: 3000000 | O114: 3000000 | P114: 3000000 | Q114: 3000000 | R114: 45000000
A116: A¨XmOnÌHŸ "A' EHy$U ~oarO | C116: 286782331 | D116: 238010331 | E116: 241967331 | F116: 270192331 | G116: 263980331 | H116: 294252331 | I116: 248313331 | J116: 250104831 | K116: 252627331 | L116: 278258341 | M116: 232692336 | N116: 262311336 | O116: 234443841 | P116: 264129336 | Q116: 271931331 | R116: 3889997000
...

Sheet SMRY16
A1: code | B1: ward | C1: * | D1: क्षेत्रीय कार्यालयाने करावयाची कामे : सन 2016-17 | E1: पथ | F1: विद्युत | G1: भवन | H1: झोनिपु | I1: पाणीपुरवठा | J1: मलनिःसारण | K1: एकूण
D4: (आकडे लाखात) | E4: 2 | F4: 1 | G4: 4 | H4: 5 | I4: 6 | J4: 7 | K4: Total
A6: code | B6: Sr. | C6: Wards | D6: =D1 -> क्षेत्रीय कार्यालयाने करावयाची कामे : सन 2016-17 | E6: 2 | F6: 1 | G6: 4 | H6: 5 | I6: 6 | J6: 7 | K6: Total
B8: =WardOfficeNonPlan16!B8 -> 1 | C8: =WardOfficeNonPlan16!C8 -> 5 | D8: =WardOfficeNonPlan16!D8 -> औंध क्षेत्रीय कार्यालय एकूण बेरीज | E8: =WardOfficeNonPlan16!E8+WardOfficePlan16!E8+CitizensNonPlan16!E8+CitizensPlan16!E8 -> 439.5 | F8: =WardOfficeNonPlan16!F8+WardOfficePlan16!F8+CitizensNonPlan16!F8+CitizensPlan16!F8 -> 127.5 | G8: =WardOfficeNonPlan16!G8+WardOfficePlan16!G8+CitizensNonPlan16!G8+CitizensPlan16!G8 -> 189 | H8: =WardOfficeNonPlan16!H8+WardOfficePlan16!H8+CitizensNonPlan16!H8+CitizensPlan16!H8 -> 146 | I8: =WardOfficeNonPlan16!I8+WardOfficePlan16!I8+CitizensNonPlan16!I8+CitizensPlan16!I8 -> 5 | J8: =WardOfficeNonPlan16!J8+WardOfficePlan16!J8+CitizensNonPlan16!J8+CitizensPlan16!J8 -> 148 | K8: =SUM(E8:J8) -> 1055
B9: =WardOfficeNonPlan16!B9 -> 2 | C9: =WardOfficeNonPlan16!C9 -> 5 | D9: =WardOfficeNonPlan16!D9 -> कोथरूड क्षेत्रीय कार्यालय एकूण बेरीज | E9: =WardOfficeNonPlan16!E9+WardOfficePlan16!E9+CitizensNonPlan16!E9+CitizensPlan16!E9 -> 305 | F9: =WardOfficeNonPlan16!F9+WardOfficePlan16!F9+CitizensNonPlan16!F9+CitizensPlan16!F9 -> 115.1 | G9: =WardOfficeNonPlan16!G9+WardOfficePlan16!G9+CitizensNonPlan16!G9+CitizensPlan16!G9 -> 88.7 | H9: =WardOfficeNonPlan16!H9+WardOfficePlan16!H9+CitizensNonPlan16!H9+CitizensPlan16!H9 -> 95.5 | I9: =WardOfficeNonPlan16!I9+WardOfficePlan16!I9+CitizensNonPlan16!I9+CitizensPlan16!I9 -> 3.5 | J9: =WardOfficeNonPlan16!J9+WardOfficePlan16!J9+CitizensNonPlan16!J9+CitizensPlan16!J9 -> 194.2 | K9: =SUM(E9:J9) -> 802
B10: =WardOfficeNonPlan16!B10 -> 3 | C10: =WardOfficeNonPlan16!C10 -> 6 | D10: =WardOfficeNonPlan16!D10 -> घोले रोड क्षेत्रीय कार्यालय एकूण बेरीज | E10: =WardOfficeNonPlan16!E10+WardOfficePlan16!E10+CitizensNonPlan16!E10+CitizensPlan16!E10 -> 273 | F10: =WardOfficeNonPlan16!F10+WardOfficePlan16!F10+CitizensNonPlan16!F10+CitizensPlan16!F10 -> 250 | G10: =WardOfficeNonPlan16!G10+WardOfficePlan16!G10+CitizensNonPlan16!G10+CitizensPlan16!G10 -> 155 | H10: =WardOfficeNonPlan16!H10+WardOfficePlan16!H10+CitizensNonPlan16!H10+CitizensPlan16!H10 -> 156 | I10: =WardOfficeNonPlan16!I10+WardOfficePlan16!I10+CitizensNonPlan16!I10+CitizensPlan16!I10 -> 0 | J10: =WardOfficeNonPlan16!J10+WardOfficePlan16!J10+CitizensNonPlan16!J10+CitizensPlan16!J10 -> 135 | K10: =SUM(E10:J10) -> 969
B11: =WardOfficeNonPlan16!B11 -> 4 | C11: =WardOfficeNonPlan16!C11 -> 5 | D11: =WardOfficeNonPlan16!D11 -> वारजे कर्वेनगर क्षेत्रीय कार्यालय एकूण बेरीज | E11: =WardOfficeNonPlan16!E11+WardOfficePlan16!E11+CitizensNonPlan16!E11+CitizensPlan16!E11 -> 329 | F11: =WardOfficeNonPlan16!F11+WardOfficePlan16!F11+CitizensNonPlan16!F11+CitizensPlan16!F11 -> 128.5 | G11: =WardOfficeNonPlan16!G11+WardOfficePlan16!G11+CitizensNonPlan16!G11+CitizensPlan16!G11 -> 86 | H11: =WardOfficeNonPlan16!H11+WardOfficePlan16!H11+CitizensNonPlan16!H11+CitizensPlan16!H11 -> 113.9 | I11: =WardOfficeNonPlan16!I11+WardOfficePlan16!I11+CitizensNonPlan16!I11+CitizensPlan16!I11 -> 0 | J11: =WardOfficeNonPlan16!J11+WardOfficePlan16!J11+CitizensNonPlan16!J11+CitizensPlan16!J11 -> 311.8 | K11: =SUM(E11:J11) -> 969.2
B12: =WardOfficeNonPlan16!B12 -> 5 | C12: =WardOfficeNonPlan16!C12 -> 5 | D12: =WardOfficeNonPlan16!D12 -> ढोलेपाटील रोड क्षेत्रीय कार्यालय एकूण बेरीज | E12: =WardOfficeNonPlan16!E12+WardOfficePlan16!E12+CitizensNonPlan16!E12+CitizensPlan16!E12 -> 237 | F12: =WardOfficeNonPlan16!F12+WardOfficePlan16!F12+CitizensNonPlan16!F12+CitizensPlan16!F12 -> 218 | G12: =WardOfficeNonPlan16!G12+WardOfficePlan16!G12+CitizensNonPlan16!G12+CitizensPlan16!G12 -> 276 | H12: =WardOfficeNonPlan16!H12+WardOfficePlan16!H12+CitizensNonPlan16!H12+CitizensPlan16!H12 -> 166 | I12: =WardOfficeNonPlan16!I12+WardOfficePlan16!I12+CitizensNonPlan16!I12+CitizensPlan16!I12 -> 45 | J12: =WardOfficeNonPlan16!J12+WardOfficePlan16!J12+CitizensNonPlan16!J12+CitizensPlan16!J12 -> 175 | K12: =SUM(E12:J12) -> 1117
B13: =WardOfficeNonPlan16!B13 -> 6 | C13: =WardOfficeNonPlan16!C13 -> 6 | D13: =WardOfficeNonPlan16!D13 -> नगररोड क्षेत्रीय कार्यालय एकूण बेरीज | E13: =WardOfficeNonPlan16!E13+WardOfficePlan16!E13+CitizensNonPlan16!E13+CitizensPlan16!E13 -> 477 | F13: =WardOfficeNonPlan16!F13+WardOfficePlan16!F13+CitizensNonPlan16!F13+CitizensPlan16!F13 -> 223 | G13: =WardOfficeNonPlan16!G13+WardOfficePlan16!G13+CitizensNonPlan16!G13+CitizensPlan16!G13 -> 216 | H13: =WardOfficeNonPlan16!H13+WardOfficePlan16!H13+CitizensNonPlan16!H13+CitizensPlan16!H13 -> 119 | I13: =WardOfficeNonPlan16!I13+WardOfficePlan16!I13+CitizensNonPlan16!I13+CitizensPlan16!I13 -> 27 | J13: =WardOfficeNonPlan16!J13+WardOfficePlan16!J13+CitizensNonPlan16!J13+CitizensPlan16!J13 -> 170 | K13: =SUM(E13:J13) -> 1232
B14: =WardOfficeNonPlan16!B14 -> 7 | C14: =WardOfficeNonPlan16!C14 -> 5 | D14: =WardOfficeNonPlan16!D14 -> संगमवाडी क्षेत्रीय कार्यालय एकूण बेरीज | E14: =WardOfficeNonPlan16!E14+WardOfficePlan16!E14+CitizensNonPlan16!E14+CitizensPlan16!E14 -> 456 | F14: =WardOfficeNonPlan16!F14+WardOfficePlan16!F14+CitizensNonPlan16!F14+CitizensPlan16!F14 -> 120.1 | G14: =WardOfficeNonPlan16!G14+WardOfficePlan16!G14+CitizensNonPlan16!G14+CitizensPlan16!G14 -> 140.5 | H14: =WardOfficeNonPlan16!H14+WardOfficePlan16!H14+CitizensNonPlan16!H14+CitizensPlan16!H14 -> 120 | I14: =WardOfficeNonPlan16!I14+WardOfficePlan16!I14+CitizensNonPlan16!I14+CitizensPlan16!I14 -> 0 | J14: =WardOfficeNonPlan16!J14+WardOfficePlan16!J14+CitizensNonPlan16!J14+CitizensPlan16!J14 -> 228.3 | K14: =SUM(E14:J14) -> 1064.9
B15: =WardOfficeNonPlan16!B15 -> 8 | C15: =WardOfficeNonPlan16!C15 -> 6 | D15: =WardOfficeNonPlan16!D15 -> भवानी पेठ क्षेत्रीय कार्यालय एकूण बेरीज | E15: =WardOfficeNonPlan16!E15+WardOfficePlan16!E15+CitizensNonPlan16!E15+CitizensPlan16!E15 -> 248.8 | F15: =WardOfficeNonPlan16!F15+WardOfficePlan16!F15+CitizensNonPlan16!F15+CitizensPlan16!F15 -> 139.4 | G15: =WardOfficeNonPlan16!G15+WardOfficePlan16!G15+CitizensNonPlan16!G15+CitizensPlan16!G15 -> 218 | H15: =WardOfficeNonPlan16!H15+WardOfficePlan16!H15+CitizensNonPlan16!H15+CitizensPlan16!H15 -> 255.1 | I15: =WardOfficeNonPlan16!I15+WardOfficePlan16!I15+CitizensNonPlan16!I15+CitizensPlan16!I15 -> 7 | J15: =WardOfficeNonPlan16!J15+WardOfficePlan16!J15+CitizensNonPlan16!J15+CitizensPlan16!J15 -> 191.9 | K15: =SUM(E15:J15) -> 1060.2
